DROP TABLE OFFICER CASCADE CONSTRAINTS;
DROP TABLE SHOOTING CASCADE CONSTRAINTS;
DROP TABLE VICTIM CASCADE CONSTRAINTS;
DROP SEQUENCE seqOID;
DROP SEQUENCE seqSID;
DROP SEQUENCE seqVID;
CREATE TABLE OFFICER(
	Badge		     Int			NOT NULL,
    Name			Char(25)		NOT NULL,
	State           Char(2)        NOT NULL,
	County			Char(25)		NULL,
	CONSTRAINT			OFFICER_PK		PRIMARY KEY(Badge)
	);
    CREATE SEQUENCE seqOID INCREMENT BY 1 START WITH 1;
    
CREATE SEQUENCE seqSID INCREMENT BY 1 START WITH 1;

CREATE SEQUENCE seqVID INCREMENT BY 1 START WITH 1;

CREATE TABLE VICTIM(
	SSN			Int				        NOT NULL,
	VName			Char(25)		NOT NULL,
	Age			Int		                NULL,
	Race		Char(15)		 NULL,
    Gender      Char(1)                 NULL,
    MentalIllness       Char(5)              NULL,
    Weapon               char(20)               NULL,
	CONSTRAINT			VICTIM_PK		PRIMARY KEY(SSN)
	);
    CREATE TABLE SHOOTING(
ShootingID			Int				NOT NULL,
   State               Char(2)        NOT NULL,
    County               Char(25)        NOT NULL,
    Dte                Char(10)             NOT NULL,
    Legal                   Int             NOT NULL,
	Badge			Int				NOT NULL,
    SSN             Int             NOT NULL,
    CONSTRAINT			OFFICER_FK	FOREIGN KEY (Badge)
							REFERENCES OFFICER(Badge),
   CONSTRAINT          VICTIM_FK FOREIGN KEY (SSN) 
                            REFERENCES VICTIM(SSN),
CONSTRAINT			SHOOTING_PK	PRIMARY KEY (ShootingID)
);
SET DEFINE OFF

INSERT INTO OFFICER (BADGE, COUNTY, STATE, NAME) 
VALUES (1, 'Knoxville', 'PA', 'Samual Pemberton');

INSERT INTO OFFICER (BADGE, COUNTY, STATE, NAME) 
VALUES (2, 'Hummelstown', 'PA', 'Payton Baird');

INSERT INTO OFFICER (BADGE, COUNTY, STATE, NAME) 
VALUES (3, 'Reading', 'PA', 'Glenn Powers');

INSERT INTO OFFICER (BADGE, COUNTY, STATE, NAME) 
VALUES (4, 'Allentown', 'PA', 'Ewan Read');

INSERT INTO OFFICER (BADGE, COUNTY, STATE, NAME) 
VALUES (5, 'Straban Township', 'PA', 'Ada Clayton');

INSERT INTO OFFICER (BADGE, COUNTY, STATE, NAME) 
VALUES (6, 'Lancaster', 'PA', 'Marvin Mcfarland');

INSERT INTO OFFICER (BADGE, COUNTY, STATE, NAME) 
VALUES (7, 'Somerset', 'PA', 'Remy Mason');

INSERT INTO OFFICER (BADGE, COUNTY, STATE, NAME) 
VALUES (8, 'Pittsburgh', 'PA', 'Clinton Bassett');

INSERT INTO OFFICER (BADGE, COUNTY, STATE, NAME) 
VALUES (9, 'Philadelphia', 'PA', 'Yunus Robin');

INSERT INTO OFFICER (BADGE, COUNTY, STATE, NAME) 
VALUES (10, 'Campbelltown', 'PA', 'Perry Black');

INSERT INTO OFFICER (BADGE, COUNTY, STATE, NAME) 
VALUES (11, 'Pittston', 'PA', 'Chandler Woods');

INSERT INTO OFFICER (BADGE, COUNTY, STATE, NAME) 
VALUES (12, 'West Chester', 'PA', 'Boyd Fellows');

INSERT INTO OFFICER (BADGE, COUNTY, STATE, NAME) 
VALUES (13, 'Chester', 'PA', 'Dougie Jennings');

INSERT INTO OFFICER (BADGE, COUNTY, STATE, NAME) 
VALUES (14, 'York', 'PA', 'Kishan Lyon');

INSERT INTO OFFICER (BADGE, COUNTY, STATE, NAME) 
VALUES (15, 'Germantown', 'PA', 'Hassan York');

INSERT INTO OFFICER (BADGE, COUNTY, STATE, NAME) 
VALUES (16, 'Mount Washington', 'PA', 'Noa Mills');

INSERT INTO OFFICER (BADGE, COUNTY, STATE, NAME) 
VALUES (17, 'East Stroudsburg', 'PA', 'Yusef Sharma');

INSERT INTO OFFICER (BADGE, COUNTY, STATE, NAME) 
VALUES (18, 'Canaan Township', 'PA', 'Ocean Cervantes');

INSERT INTO OFFICER (BADGE, COUNTY, STATE, NAME) 
VALUES (19, 'Upper Darby', 'PA', 'Anton Morrison');

INSERT INTO OFFICER (BADGE, COUNTY, STATE, NAME) 
VALUES (20, 'Penn Township', 'PA', 'Darcey Payne');

INSERT INTO OFFICER (BADGE, COUNTY, STATE, NAME) 
VALUES (21, 'Wilkinsburg', 'PA', 'Mira David');

INSERT INTO OFFICER (BADGE, COUNTY, STATE, NAME) 
VALUES (22, 'Chester', 'PA', 'Luc Frey');

INSERT INTO OFFICER (BADGE, COUNTY, STATE, NAME) 
VALUES (23, 'Johnstown', 'PA', 'Devante Coleman');

INSERT INTO OFFICER (BADGE, COUNTY, STATE, NAME) 
VALUES (24, 'Chester', 'PA', 'Arjan Novak');

INSERT INTO OFFICER (BADGE, COUNTY, STATE, NAME) 
VALUES (25, 'Fort Littleton', 'PA', 'Sierra Griffiths');

INSERT INTO OFFICER (BADGE, COUNTY, STATE, NAME) 
VALUES (26, 'South Greensburg', 'PA', 'Kaiser Haas');

INSERT INTO OFFICER (BADGE, COUNTY, STATE, NAME) 
VALUES (27, 'Philadelphia', 'PA', 'Devon Kerr');

INSERT INTO OFFICER (BADGE, COUNTY, STATE, NAME) 
VALUES (28, 'Philadelphia', 'PA', 'Brandy Schmidt');

INSERT INTO OFFICER (BADGE, COUNTY, STATE, NAME) 
VALUES (29, 'York', 'PA', 'Alby Crosby');

INSERT INTO OFFICER (BADGE, COUNTY, STATE, NAME) 
VALUES (30, 'Harrisburg', 'PA', 'Junior Arias');

INSERT INTO OFFICER (BADGE, COUNTY, STATE, NAME) 
VALUES (31, 'Philadelphia', 'PA', 'Orion Downes');

INSERT INTO OFFICER (BADGE, COUNTY, STATE, NAME) 
VALUES (32, 'Philadelphia', 'PA', 'Cheyenne Peralta');

INSERT INTO OFFICER (BADGE, COUNTY, STATE, NAME) 
VALUES (33, 'Chambersburg', 'PA', 'Charlie Redfern');

INSERT INTO OFFICER (BADGE, COUNTY, STATE, NAME) 
VALUES (34, 'Philadelphia', 'PA', 'Charli Moss');

INSERT INTO OFFICER (BADGE, COUNTY, STATE, NAME) 
VALUES (35, 'Bloomsburg', 'PA', 'Keenan Wilkins');

INSERT INTO OFFICER (BADGE, COUNTY, STATE, NAME) 
VALUES (36, 'York County', 'PA', 'Evan Emery');

INSERT INTO OFFICER (BADGE, COUNTY, STATE, NAME) 
VALUES (37, 'Avella', 'PA', 'Marwan Gough');

INSERT INTO OFFICER (BADGE, COUNTY, STATE, NAME) 
VALUES (38, 'Forks Township', 'PA', 'Leandro Mcmanus');

INSERT INTO OFFICER (BADGE, COUNTY, STATE, NAME) 
VALUES (39, 'Philadelphia', 'PA', 'Mohamad Oakley');

INSERT INTO OFFICER (BADGE, COUNTY, STATE, NAME) 
VALUES (40, 'Huntingdon County', 'PA', 'Elis Stark');

INSERT INTO OFFICER (BADGE, COUNTY, STATE, NAME) 
VALUES (41, 'Sharon', 'PA', 'Makenzie Butler');

INSERT INTO OFFICER (BADGE, COUNTY, STATE, NAME) 
VALUES (42, 'Pittsburgh', 'PA', 'Steve Espinosa');

INSERT INTO OFFICER (BADGE, COUNTY, STATE, NAME) 
VALUES (43, 'Lancaster City', 'PA', 'Ashlea Espinoza');

INSERT INTO OFFICER (BADGE, COUNTY, STATE, NAME) 
VALUES (44, 'Reading', 'PA', 'Dillan Mckeown');

INSERT INTO OFFICER (BADGE, COUNTY, STATE, NAME) 
VALUES (45, 'Union Township', 'PA', 'Teagan Potts');

INSERT INTO OFFICER (BADGE, COUNTY, STATE, NAME) 
VALUES (46, 'Stewartstown', 'PA', 'Christos Bone');

INSERT INTO OFFICER (BADGE, COUNTY, STATE, NAME) 
VALUES (47, 'Lewistown', 'PA', 'Jaidon Kirby');

INSERT INTO OFFICER (BADGE, COUNTY, STATE, NAME) 
VALUES (48, 'Philadelphia', 'PA', 'Kayden Yang');

INSERT INTO OFFICER (BADGE, COUNTY, STATE, NAME) 
VALUES (49, 'Lower Mount Bethel', 'PA', 'Abid Mahoney');

INSERT INTO OFFICER (BADGE, COUNTY, STATE, NAME) 
VALUES (50, 'Allentown', 'PA', 'Amanpreet Ellis');

INSERT INTO OFFICER (BADGE, COUNTY, STATE, NAME) 
VALUES (51, 'Philadelphia', 'PA', 'Dominik Cunningham');

INSERT INTO OFFICER (BADGE, COUNTY, STATE, NAME) 
VALUES (52, 'Mead Township', 'PA', 'Dante Archer');

INSERT INTO OFFICER (BADGE, COUNTY, STATE, NAME) 
VALUES (53, 'Philadelphia', 'PA', 'Merryn Cousins');

INSERT INTO OFFICER (BADGE, COUNTY, STATE, NAME) 
VALUES (54, 'Fairchance', 'PA', 'Percy Williams');

INSERT INTO OFFICER (BADGE, COUNTY, STATE, NAME) 
VALUES (55, 'Canton Township', 'PA', 'Youssef Mcgill');

INSERT INTO OFFICER (BADGE, COUNTY, STATE, NAME) 
VALUES (56, 'Perryopolis', 'PA', 'Kaleb Beech');

INSERT INTO OFFICER (BADGE, COUNTY, STATE, NAME) 
VALUES (57, 'Plymouth Township', 'PA', 'Clarke Milne');

INSERT INTO OFFICER (BADGE, COUNTY, STATE, NAME) 
VALUES (58, 'Erie', 'PA', 'Karter Macfarlane');

INSERT INTO OFFICER (BADGE, COUNTY, STATE, NAME) 
VALUES (59, 'King of Prussia', 'PA', 'Russell Pugh');

INSERT INTO OFFICER (BADGE, COUNTY, STATE, NAME) 
VALUES (60, 'Old Forge', 'PA', 'Kelsey Norton');

INSERT INTO OFFICER (BADGE, COUNTY, STATE, NAME) 
VALUES (61, 'Harrisburg', 'PA', 'Grant Schwartz');

INSERT INTO OFFICER (BADGE, COUNTY, STATE, NAME) 
VALUES (62, 'Philadelphia', 'PA', 'Burhan Curtis');

INSERT INTO OFFICER (BADGE, COUNTY, STATE, NAME) 
VALUES (63, 'Dover Township', 'PA', 'Rikesh Cairns');

INSERT INTO OFFICER (BADGE, COUNTY, STATE, NAME) 
VALUES (64, 'Manchester Township', 'PA', 'Marcus Davies');

INSERT INTO OFFICER (BADGE, COUNTY, STATE, NAME) 
VALUES (65, 'Harrisburg', 'PA', 'Roy Dolan');

INSERT INTO OFFICER (BADGE, COUNTY, STATE, NAME) 
VALUES (66, 'Harrisburg', 'PA', 'Amara Whyte');

INSERT INTO OFFICER (BADGE, COUNTY, STATE, NAME) 
VALUES (67, 'Pittsburgh', 'PA', 'Murray Olson');

INSERT INTO OFFICER (BADGE, COUNTY, STATE, NAME) 
VALUES (68, 'Bristol Township', 'PA', 'Frederick Alvarado');

INSERT INTO OFFICER (BADGE, COUNTY, STATE, NAME) 
VALUES (69, 'Abington Township', 'PA', 'Piers Blackburn');

INSERT INTO OFFICER (BADGE, COUNTY, STATE, NAME) 
VALUES (70, 'Pottstown', 'PA', 'Grayson Preece');

INSERT INTO OFFICER (BADGE, COUNTY, STATE, NAME) 
VALUES (71, 'Lower Macungie Township', 'PA', 'Ruari Everett');

INSERT INTO OFFICER (BADGE, COUNTY, STATE, NAME) 
VALUES (72, 'Volant', 'PA', 'Keyan Stewart');

INSERT INTO OFFICER (BADGE, COUNTY, STATE, NAME) 
VALUES (73, 'Washington', 'PA', 'Marian Hunter');

INSERT INTO OFFICER (BADGE, COUNTY, STATE, NAME) 
VALUES (74, 'Lancaster', 'PA', 'Donovan Crossley');

INSERT INTO OFFICER (BADGE, COUNTY, STATE, NAME) 
VALUES (75, 'Lower Burrell', 'PA', 'Izaak Kay');

INSERT INTO OFFICER (BADGE, COUNTY, STATE, NAME) 
VALUES (76, 'Pittsburgh', 'PA', 'Milan Grainger');

INSERT INTO OFFICER (BADGE, COUNTY, STATE, NAME) 
VALUES (77, 'Prompton', 'PA', 'Nevaeh Rivera');

INSERT INTO OFFICER (BADGE, COUNTY, STATE, NAME) 
VALUES (78, 'South Whitehall Township', 'PA', 'Zakaria Pace');

INSERT INTO OFFICER (BADGE, COUNTY, STATE, NAME) 
VALUES (79, 'Philadelphia', 'PA', 'Stan Finnegan');

INSERT INTO OFFICER (BADGE, COUNTY, STATE, NAME) 
VALUES (80, 'Philadelphia', 'PA', 'Sol Hawkins');

INSERT INTO OFFICER (BADGE, COUNTY, STATE, NAME) 
VALUES (81, 'Philadelphia', 'PA', 'Clay Hancock');

INSERT INTO OFFICER (BADGE, COUNTY, STATE, NAME) 
VALUES (82, 'Manchester Township', 'PA', 'Jose Davis');

INSERT INTO OFFICER (BADGE, COUNTY, STATE, NAME) 
VALUES (83, 'Lancaster', 'PA', 'Ezra Senior');

INSERT INTO OFFICER (BADGE, COUNTY, STATE, NAME) 
VALUES (84, 'Philadephia', 'PA', 'Konrad Matthews');

INSERT INTO OFFICER (BADGE, COUNTY, STATE, NAME) 
VALUES (85, 'Franklin Township', 'PA', 'Ahmed Velasquez');

INSERT INTO OFFICER (BADGE, COUNTY, STATE, NAME) 
VALUES (86, 'Union City', 'PA', 'Roger Orr');

INSERT INTO OFFICER (BADGE, COUNTY, STATE, NAME) 
VALUES (87, 'Aspers', 'PA', 'Seamus Tapia');

INSERT INTO OFFICER (BADGE, COUNTY, STATE, NAME) 
VALUES (88, 'Greensburg', 'PA', 'Tre Gilmore');

INSERT INTO OFFICER (BADGE, COUNTY, STATE, NAME) 
VALUES (89, 'State College', 'PA', 'Liam Patterson');

INSERT INTO OFFICER (BADGE, COUNTY, STATE, NAME) 
VALUES (90, 'Penn Hills', 'PA', 'Kyran Cherry');

INSERT INTO OFFICER (BADGE, COUNTY, STATE, NAME) 
VALUES (91, 'Ross Township', 'PA', 'Abdallah Hammond');

INSERT INTO OFFICER (BADGE, COUNTY, STATE, NAME) 
VALUES (92, 'Three Springs', 'PA', 'Peyton Goldsmith');

INSERT INTO OFFICER (BADGE, COUNTY, STATE, NAME) 
VALUES (93, 'Stroudsburg', 'PA', 'Kareem Larson');

INSERT INTO OFFICER (BADGE, COUNTY, STATE, NAME) 
VALUES (94, 'Allentown', 'PA', 'Bronwen Blundell');

INSERT INTO OFFICER (BADGE, COUNTY, STATE, NAME) 
VALUES (95, 'Shaler Township', 'PA', 'Zidane Carroll');

--Insert failed for rows  1  through  95 
--ORA-01722: invalid number
--Row 1
INSERT INTO VICTIM (SSN, VNAME, WEAPON, AGE, GENDER, RACE, MENTALILLNESS) VALUES (1,'Leslie Sapp III',toy weapon,47,'M','B','False');
--Row 2
INSERT INTO VICTIM (SSN, VNAME, WEAPON, AGE, GENDER, RACE, MENTALILLNESS) VALUES (2,'David Kassick',unarmed,59,'M','W','False');
--Row 3
INSERT INTO VICTIM (SSN, VNAME, WEAPON, AGE, GENDER, RACE, MENTALILLNESS) VALUES (3,'Richard Carlin',unarmed,35,'M','H','False');
--Row 4
INSERT INTO VICTIM (SSN, VNAME, WEAPON, AGE, GENDER, RACE, MENTALILLNESS) VALUES (4,'Jerome Nichols',knife,42,'M','W','False');
--Row 5
INSERT INTO VICTIM (SSN, VNAME, WEAPON, AGE, GENDER, RACE, MENTALILLNESS) VALUES (5,'Jess Leipold',gun,31,'M','W','True');
--Row 6
INSERT INTO VICTIM (SSN, VNAME, WEAPON, AGE, GENDER, RACE, MENTALILLNESS) VALUES (6,'Anthony Gomez',gun,29,'M','B','False');
--Row 7
INSERT INTO VICTIM (SSN, VNAME, WEAPON, AGE, GENDER, RACE, MENTALILLNESS) VALUES (7,'Michael Lowery',toy weapon,40,'M','W','False');
--Row 8
INSERT INTO VICTIM (SSN, VNAME, WEAPON, AGE, GENDER, RACE, MENTALILLNESS) VALUES (8,'Tyrone Harris',gun,20,'M','B','False');
--Row 9
INSERT INTO VICTIM (SSN, VNAME, WEAPON, AGE, GENDER, RACE, MENTALILLNESS) VALUES (9,'Devon Guisherd',gun,27,'M','B','False');
--Row 10
INSERT INTO VICTIM (SSN, VNAME, WEAPON, AGE, GENDER, RACE, MENTALILLNESS) VALUES (10,'Joshua Malave',gun,18,'M','W','False');
--Row 11
INSERT INTO VICTIM (SSN, VNAME, WEAPON, AGE, GENDER, RACE, MENTALILLNESS) VALUES (11,'Robert Patrick Quinn',toy weapon,77,'M',NULL,'True');
--Row 12
INSERT INTO VICTIM (SSN, VNAME, WEAPON, AGE, GENDER, RACE, MENTALILLNESS) VALUES (12,'Curtis Smith',knife,34,'M','B','False');
--Row 13
INSERT INTO VICTIM (SSN, VNAME, WEAPON, AGE, GENDER, RACE, MENTALILLNESS) VALUES (13,'Robert T. Edwards',gun,31,'M','W','False');
--Row 14
INSERT INTO VICTIM (SSN, VNAME, WEAPON, AGE, GENDER, RACE, MENTALILLNESS) VALUES (14,'Dequan Williams',knife,28,'M','B','True');
--Row 15
INSERT INTO VICTIM (SSN, VNAME, WEAPON, AGE, GENDER, RACE, MENTALILLNESS) VALUES (15,'Shane Whitehead',unknown weapon,16,'M','B','False');
--Row 16
INSERT INTO VICTIM (SSN, VNAME, WEAPON, AGE, GENDER, RACE, MENTALILLNESS) VALUES (16,'Raymone M. Davis',gun,21,'M','B','False');
--Row 17
INSERT INTO VICTIM (SSN, VNAME, WEAPON, AGE, GENDER, RACE, MENTALILLNESS) VALUES (17,'Andrew Jospeh Todd',gun,20,'M','W','True');
--Row 18
INSERT INTO VICTIM (SSN, VNAME, WEAPON, AGE, GENDER, RACE, MENTALILLNESS) VALUES (18,'Derek DeGroat',gun,21,'M','W','True');
--Row 19
INSERT INTO VICTIM (SSN, VNAME, WEAPON, AGE, GENDER, RACE, MENTALILLNESS) VALUES (19,'David Zollo',knife,54,'M','W','True');
--Row 20
INSERT INTO VICTIM (SSN, VNAME, WEAPON, AGE, GENDER, RACE, MENTALILLNESS) VALUES (20,'Ciara Meyer',unarmed,12,'F','W','False');
--Row 21
INSERT INTO VICTIM (SSN, VNAME, WEAPON, AGE, GENDER, RACE, MENTALILLNESS) VALUES (21,'Bruce Kelley',knife,37,'M','B','True');
--Row 22
INSERT INTO VICTIM (SSN, VNAME, WEAPON, AGE, GENDER, RACE, MENTALILLNESS) VALUES (22,'Shalamar Longer',gun,33,'M','B','False');
--Row 23
INSERT INTO VICTIM (SSN, VNAME, WEAPON, AGE, GENDER, RACE, MENTALILLNESS) VALUES (23,'Daniel Burkhardt',knife,41,'M','W','False');
--Row 24
INSERT INTO VICTIM (SSN, VNAME, WEAPON, AGE, GENDER, RACE, MENTALILLNESS) VALUES (24,'Keith Montgomery Jr.',gun,24,'M','B','False');
--Row 25
INSERT INTO VICTIM (SSN, VNAME, WEAPON, AGE, GENDER, RACE, MENTALILLNESS) VALUES (25,'Clarence Briggs',gun,54,'M','W','False');
--Row 26
INSERT INTO VICTIM (SSN, VNAME, WEAPON, AGE, GENDER, RACE, MENTALILLNESS) VALUES (26,'Edward J. Gorinski',gun,28,'M','W','True');
--Row 27
INSERT INTO VICTIM (SSN, VNAME, WEAPON, AGE, GENDER, RACE, MENTALILLNESS) VALUES (27,'Quron Williams',gun,19,'M','B','False');
--Row 28
INSERT INTO VICTIM (SSN, VNAME, WEAPON, AGE, GENDER, RACE, MENTALILLNESS) VALUES (28,'Richard Ferretti',NULL,52,'M','W','False');
--Row 29
INSERT INTO VICTIM (SSN, VNAME, WEAPON, AGE, GENDER, RACE, MENTALILLNESS) VALUES (29,'James Allen Nickol',gun,38,'M','W','False');
--Row 30
INSERT INTO VICTIM (SSN, VNAME, WEAPON, AGE, GENDER, RACE, MENTALILLNESS) VALUES (30,'Earl Pinckney',knife,20,'M','B','True');
--Row 31
INSERT INTO VICTIM (SSN, VNAME, WEAPON, AGE, GENDER, RACE, MENTALILLNESS) VALUES (31,'Nicholas Glenn',gun,25,'M','B','False');
--Row 32
INSERT INTO VICTIM (SSN, VNAME, WEAPON, AGE, GENDER, RACE, MENTALILLNESS) VALUES (32,'Christopher Sowell',unarmed,32,'M','B','False');
--Row 33
INSERT INTO VICTIM (SSN, VNAME, WEAPON, AGE, GENDER, RACE, MENTALILLNESS) VALUES (33,'Dennis Kirk',knife,64,'M',NULL,'True');
--Row 34
INSERT INTO VICTIM (SSN, VNAME, WEAPON, AGE, GENDER, RACE, MENTALILLNESS) VALUES (34,'Darryl Chisholm',gun,31,'M','B','False');
--Row 35
INSERT INTO VICTIM (SSN, VNAME, WEAPON, AGE, GENDER, RACE, MENTALILLNESS) VALUES (35,'Jonathan M. Young',baseball bat,38,'M',NULL,'True');
--Row 36
INSERT INTO VICTIM (SSN, VNAME, WEAPON, AGE, GENDER, RACE, MENTALILLNESS) VALUES (36,'Rasheem Singletary',NULL,25,'M','B','False');
--Row 37
INSERT INTO VICTIM (SSN, VNAME, WEAPON, AGE, GENDER, RACE, MENTALILLNESS) VALUES (37,'Steven Garrett Ward',knife,20,'M',NULL,'True');
--Row 38
INSERT INTO VICTIM (SSN, VNAME, WEAPON, AGE, GENDER, RACE, MENTALILLNESS) VALUES (38,'Scott MacIntosh',machete and gun,35,'M','W','True');
--Row 39
INSERT INTO VICTIM (SSN, VNAME, WEAPON, AGE, GENDER, RACE, MENTALILLNESS) VALUES (39,'Kenneth Robledo',gun,28,'M','B','False');
--Row 40
INSERT INTO VICTIM (SSN, VNAME, WEAPON, AGE, GENDER, RACE, MENTALILLNESS) VALUES (40,'Jason Michael Robison',gun,32,'M','W','False');
--Row 41
INSERT INTO VICTIM (SSN, VNAME, WEAPON, AGE, GENDER, RACE, MENTALILLNESS) VALUES (41,'Sean Ryan Hake',knife,23,'M','W','True');
--Row 42
INSERT INTO VICTIM (SSN, VNAME, WEAPON, AGE, GENDER, RACE, MENTALILLNESS) VALUES (42,'Christopher Thompkins',gun,57,'M','B','False');
--Row 43
INSERT INTO VICTIM (SSN, VNAME, WEAPON, AGE, GENDER, RACE, MENTALILLNESS) VALUES (43,'Jose Efrain Rodriguez',gun,18,'M','H','False');
--Row 44
INSERT INTO VICTIM (SSN, VNAME, WEAPON, AGE, GENDER, RACE, MENTALILLNESS) VALUES (44,'Michael T. Stoudt',gun,62,'M','W','False');
--Row 45
INSERT INTO VICTIM (SSN, VNAME, WEAPON, AGE, GENDER, RACE, MENTALILLNESS) VALUES (45,'Frank W. Wratny',gun,91,'M','W','False');
--Row 46
INSERT INTO VICTIM (SSN, VNAME, WEAPON, AGE, GENDER, RACE, MENTALILLNESS) VALUES (46,'Robert Becker',gun,79,'M','W','True');
--Row 47
INSERT INTO VICTIM (SSN, VNAME, WEAPON, AGE, GENDER, RACE, MENTALILLNESS) VALUES (47,'Charles Bossinger',gun,53,'M','W','True');
--Row 48
INSERT INTO VICTIM (SSN, VNAME, WEAPON, AGE, GENDER, RACE, MENTALILLNESS) VALUES (48,'Ronald Singletary',knife,51,'M','B','False');
--Row 49
INSERT INTO VICTIM (SSN, VNAME, WEAPON, AGE, GENDER, RACE, MENTALILLNESS) VALUES (49,'Anthony Paul Ardo',fireworks,47,'M','W','True');
--Row 50
INSERT INTO VICTIM (SSN, VNAME, WEAPON, AGE, GENDER, RACE, MENTALILLNESS) VALUES (50,'Joseph M. Hodgin',gun,43,'M','W','False');
--Row 51
INSERT INTO VICTIM (SSN, VNAME, WEAPON, AGE, GENDER, RACE, MENTALILLNESS) VALUES (51,'David Jones',unarmed,30,'M','B','False');
--Row 52
INSERT INTO VICTIM (SSN, VNAME, WEAPON, AGE, GENDER, RACE, MENTALILLNESS) VALUES (52,'Joseph Miller',gun,54,'M','W','False');
--Row 53
INSERT INTO VICTIM (SSN, VNAME, WEAPON, AGE, GENDER, RACE, MENTALILLNESS) VALUES (53,'Tyrease Carlyle',gun,31,'M','B','True');
--Row 54
INSERT INTO VICTIM (SSN, VNAME, WEAPON, AGE, GENDER, RACE, MENTALILLNESS) VALUES (54,'Clarence Belsar III',gun,26,'M','W','False');
--Row 55
INSERT INTO VICTIM (SSN, VNAME, WEAPON, AGE, GENDER, RACE, MENTALILLNESS) VALUES (55,'Anthony Gallo',knife,34,'M','W','True');
--Row 56
INSERT INTO VICTIM (SSN, VNAME, WEAPON, AGE, GENDER, RACE, MENTALILLNESS) VALUES (56,'Garrett Hoose',gun,47,'M','W','True');
--Row 57
INSERT INTO VICTIM (SSN, VNAME, WEAPON, AGE, GENDER, RACE, MENTALILLNESS) VALUES (57,'Sean Bohinski',unarmed,37,'M','W','False');
--Row 58
INSERT INTO VICTIM (SSN, VNAME, WEAPON, AGE, GENDER, RACE, MENTALILLNESS) VALUES (58,'Charles L. Wallace',NULL,46,'M',NULL,'False');
--Row 59
INSERT INTO VICTIM (SSN, VNAME, WEAPON, AGE, GENDER, RACE, MENTALILLNESS) VALUES (59,'Kalin Jackson',NULL,23,'M','B','False');
--Row 60
INSERT INTO VICTIM (SSN, VNAME, WEAPON, AGE, GENDER, RACE, MENTALILLNESS) VALUES (60,'John Souder',gun,40,'M','W','False');
--Row 61
INSERT INTO VICTIM (SSN, VNAME, WEAPON, AGE, GENDER, RACE, MENTALILLNESS) VALUES (61,'Ahmed Aminamin El-Mofty',gun,51,'M',NULL,'False');
--Row 62
INSERT INTO VICTIM (SSN, VNAME, WEAPON, AGE, GENDER, RACE, MENTALILLNESS) VALUES (62,'Dennis Plowden',NULL,25,'M','B','False');
--Row 63
INSERT INTO VICTIM (SSN, VNAME, WEAPON, AGE, GENDER, RACE, MENTALILLNESS) VALUES (63,'Isaiah Christian Green',gun,20,'M',NULL,'False');
--Row 64
INSERT INTO VICTIM (SSN, VNAME, WEAPON, AGE, GENDER, RACE, MENTALILLNESS) VALUES (64,'Gregory Stough',vehicle,27,'M','W','False');
--Row 65
INSERT INTO VICTIM (SSN, VNAME, WEAPON, AGE, GENDER, RACE, MENTALILLNESS) VALUES (65,'Kevin Sturgis',gun,31,'M','B','False');
--Row 66
INSERT INTO VICTIM (SSN, VNAME, WEAPON, AGE, GENDER, RACE, MENTALILLNESS) VALUES (66,'Albert E. Morton',NULL,31,'M','B','False');
--Row 67
INSERT INTO VICTIM (SSN, VNAME, WEAPON, AGE, GENDER, RACE, MENTALILLNESS) VALUES (67,'Mark Daniels',gun,39,'M','B','False');
--Row 68
INSERT INTO VICTIM (SSN, VNAME, WEAPON, AGE, GENDER, RACE, MENTALILLNESS) VALUES (68,'Jose D. Gomez Burgos',unknown weapon,29,'M','H','False');
--Row 69
INSERT INTO VICTIM (SSN, VNAME, WEAPON, AGE, GENDER, RACE, MENTALILLNESS) VALUES (69,'Angel Luis Ortiz',toy weapon,NULL,'M','H','False');
--Row 70
INSERT INTO VICTIM (SSN, VNAME, WEAPON, AGE, GENDER, RACE, MENTALILLNESS) VALUES (70,'TK TK',toy weapon,NULL,'M',NULL,'True');
--Row 71
INSERT INTO VICTIM (SSN, VNAME, WEAPON, AGE, GENDER, RACE, MENTALILLNESS) VALUES (71,'Aaron Ibrahem',gun,26,'M','W','False');
--Row 72
INSERT INTO VICTIM (SSN, VNAME, WEAPON, AGE, GENDER, RACE, MENTALILLNESS) VALUES (72,'William Frazier',gun,40,'M','W','False');
--Row 73
INSERT INTO VICTIM (SSN, VNAME, WEAPON, AGE, GENDER, RACE, MENTALILLNESS) VALUES (73,'Steven Brooks',gun,45,'M','B','False');
--Row 74
INSERT INTO VICTIM (SSN, VNAME, WEAPON, AGE, GENDER, RACE, MENTALILLNESS) VALUES (74,'John Simson',gun,65,'M','W','False');
--Row 75
INSERT INTO VICTIM (SSN, VNAME, WEAPON, AGE, GENDER, RACE, MENTALILLNESS) VALUES (75,'Michael E. Hutchman',gun,33,'M','W','False');
--Row 76
INSERT INTO VICTIM (SSN, VNAME, WEAPON, AGE, GENDER, RACE, MENTALILLNESS) VALUES (76,'Antwon Rose',unarmed,17,'M','B','False');
--Row 77
INSERT INTO VICTIM (SSN, VNAME, WEAPON, AGE, GENDER, RACE, MENTALILLNESS) VALUES (77,'James Sorrentino',gun,36,'M',NULL,'True');
--Row 78
INSERT INTO VICTIM (SSN, VNAME, WEAPON, AGE, GENDER, RACE, MENTALILLNESS) VALUES (78,'Joseph Santos',unarmed,44,'M','H','False');
--Row 79
INSERT INTO VICTIM (SSN, VNAME, WEAPON, AGE, GENDER, RACE, MENTALILLNESS) VALUES (79,'Ricardo Giddings',gun,59,'M','B','False');
--Row 80
INSERT INTO VICTIM (SSN, VNAME, WEAPON, AGE, GENDER, RACE, MENTALILLNESS) VALUES (80,'Charles Meadows',gun,48,'M','B','False');
--Row 81
INSERT INTO VICTIM (SSN, VNAME, WEAPON, AGE, GENDER, RACE, MENTALILLNESS) VALUES (81,'Jeffrey Dennis',vehicle,36,'M','B','False');
--Row 82
INSERT INTO VICTIM (SSN, VNAME, WEAPON, AGE, GENDER, RACE, MENTALILLNESS) VALUES (82,'Logan Montgomery',gun,29,'M','W','False');
--Row 83
INSERT INTO VICTIM (SSN, VNAME, WEAPON, AGE, GENDER, RACE, MENTALILLNESS) VALUES (83,'Ricardo Avenia',gun,29,'M','H','False');
--Row 84
INSERT INTO VICTIM (SSN, VNAME, WEAPON, AGE, GENDER, RACE, MENTALILLNESS) VALUES (84,'Justin Smith',knife,41,'M','W','False');
--Row 85
INSERT INTO VICTIM (SSN, VNAME, WEAPON, AGE, GENDER, RACE, MENTALILLNESS) VALUES (85,'Danny Washington',unarmed,27,'M','B','False');
--Row 86
INSERT INTO VICTIM (SSN, VNAME, WEAPON, AGE, GENDER, RACE, MENTALILLNESS) VALUES (86,'Keith A. Hawley',gun,27,'M','W','False');
--Row 87
INSERT INTO VICTIM (SSN, VNAME, WEAPON, AGE, GENDER, RACE, MENTALILLNESS) VALUES (87,'Michael Drayer',knife,34,'M','W','False');
--Row 88
INSERT INTO VICTIM (SSN, VNAME, WEAPON, AGE, GENDER, RACE, MENTALILLNESS) VALUES (88,'Nina Adams',gun,47,'F','B','True');
--Row 89
INSERT INTO VICTIM (SSN, VNAME, WEAPON, AGE, GENDER, RACE, MENTALILLNESS) VALUES (89,'Osaze Osagie',knife,29,'M','B','True');
--Row 90
INSERT INTO VICTIM (SSN, VNAME, WEAPON, AGE, GENDER, RACE, MENTALILLNESS) VALUES (90,'Onaje Dickinson',gun,20,'M','B','False');
--Row 91
INSERT INTO VICTIM (SSN, VNAME, WEAPON, AGE, GENDER, RACE, MENTALILLNESS) VALUES (91,'Omari Thompson',gun,31,'M','B','False');
--Row 92
INSERT INTO VICTIM (SSN, VNAME, WEAPON, AGE, GENDER, RACE, MENTALILLNESS) VALUES (92,'Todd Messner',gun,49,'M','W','False');
--Row 93
INSERT INTO VICTIM (SSN, VNAME, WEAPON, AGE, GENDER, RACE, MENTALILLNESS) VALUES (93,'Larry Pettiford',gun,69,'M',NULL,'True');
--Row 94
INSERT INTO VICTIM (SSN, VNAME, WEAPON, AGE, GENDER, RACE, MENTALILLNESS) VALUES (94,'Andre Leach',gun,27,'M',NULL,'False');
--Row 95
INSERT INTO VICTIM (SSN, VNAME, WEAPON, AGE, GENDER, RACE, MENTALILLNESS) VALUES (95,'Donald Babbit',gun,49,'M','W','False');

SET DEFINE OFF

INSERT INTO SHOOTING (SHOOTINGID, DTE, COUNTY, STATE, BADGE, SSN, LEGAL) 
VALUES (1, '2015-01-06', 'Knoxville', 'PA', 1, 1, 0);

INSERT INTO SHOOTING (SHOOTINGID, DTE, COUNTY, STATE, BADGE, SSN, LEGAL) 
VALUES (2, '2015-02-02', 'Hummelstown', 'PA', 2, 2, 0);

INSERT INTO SHOOTING (SHOOTINGID, DTE, COUNTY, STATE, BADGE, SSN, LEGAL) 
VALUES (3, '2015-02-13', 'Reading', 'PA', 3, 3, 0);

INSERT INTO SHOOTING (SHOOTINGID, DTE, COUNTY, STATE, BADGE, SSN, LEGAL) 
VALUES (4, '2015-02-23', 'Allentown', 'PA', 4, 4, 0);

INSERT INTO SHOOTING (SHOOTINGID, DTE, COUNTY, STATE, BADGE, SSN, LEGAL) 
VALUES (5, '2015-04-09', 'Straban Township', 'PA', 5, 5, 0);

INSERT INTO SHOOTING (SHOOTINGID, DTE, COUNTY, STATE, BADGE, SSN, LEGAL) 
VALUES (6, '2015-05-20', 'Lancaster', 'PA', 6, 6, 0);

INSERT INTO SHOOTING (SHOOTINGID, DTE, COUNTY, STATE, BADGE, SSN, LEGAL) 
VALUES (7, '2015-05-22', 'Somerset', 'PA', 7, 7, 0);

INSERT INTO SHOOTING (SHOOTINGID, DTE, COUNTY, STATE, BADGE, SSN, LEGAL) 
VALUES (8, '2015-06-22', 'Pittsburgh', 'PA', 8, 8, 0);

INSERT INTO SHOOTING (SHOOTINGID, DTE, COUNTY, STATE, BADGE, SSN, LEGAL) 
VALUES (9, '2015-07-22', 'Philadelphia', 'PA', 9, 9, 0);

INSERT INTO SHOOTING (SHOOTINGID, DTE, COUNTY, STATE, BADGE, SSN, LEGAL) 
VALUES (10, '2015-08-03', 'Campbelltown', 'PA', 10, 10, 0);

INSERT INTO SHOOTING (SHOOTINGID, DTE, COUNTY, STATE, BADGE, SSN, LEGAL) 
VALUES (11, '2015-08-09', 'Pittston', 'PA', 11, 11, 0);

INSERT INTO SHOOTING (SHOOTINGID, DTE, COUNTY, STATE, BADGE, SSN, LEGAL) 
VALUES (12, '2015-08-25', 'West Chester', 'PA', 12, 12, 0);

INSERT INTO SHOOTING (SHOOTINGID, DTE, COUNTY, STATE, BADGE, SSN, LEGAL) 
VALUES (13, '2015-09-11', 'Chester', 'PA', 13, 13, 0);

INSERT INTO SHOOTING (SHOOTINGID, DTE, COUNTY, STATE, BADGE, SSN, LEGAL) 
VALUES (14, '2015-10-17', 'York', 'PA', 14, 14, 0);

INSERT INTO SHOOTING (SHOOTINGID, DTE, COUNTY, STATE, BADGE, SSN, LEGAL) 
VALUES (15, '2015-11-15', 'Germantown', 'PA', 15, 15, 1);

INSERT INTO SHOOTING (SHOOTINGID, DTE, COUNTY, STATE, BADGE, SSN, LEGAL) 
VALUES (16, '2015-12-04', 'Mount Washington', 'PA', 16, 16, 0);

INSERT INTO SHOOTING (SHOOTINGID, DTE, COUNTY, STATE, BADGE, SSN, LEGAL) 
VALUES (17, '2015-12-12', 'East Stroudsburg', 'PA', 17, 17, 0);

INSERT INTO SHOOTING (SHOOTINGID, DTE, COUNTY, STATE, BADGE, SSN, LEGAL) 
VALUES (18, '2015-12-21', 'Canaan Township', 'PA', 18, 18, 0);

INSERT INTO SHOOTING (SHOOTINGID, DTE, COUNTY, STATE, BADGE, SSN, LEGAL) 
VALUES (19, '2016-01-05', 'Upper Darby', 'PA', 19, 19, 0);

INSERT INTO SHOOTING (SHOOTINGID, DTE, COUNTY, STATE, BADGE, SSN, LEGAL) 
VALUES (20, '2016-01-11', 'Penn Township', 'PA', 20, 20, 0);

INSERT INTO SHOOTING (SHOOTINGID, DTE, COUNTY, STATE, BADGE, SSN, LEGAL) 
VALUES (21, '2016-01-31', 'Wilkinsburg', 'PA', 21, 21, 0);

INSERT INTO SHOOTING (SHOOTINGID, DTE, COUNTY, STATE, BADGE, SSN, LEGAL) 
VALUES (22, '2016-02-08', 'Chester', 'PA', 22, 22, 0);

INSERT INTO SHOOTING (SHOOTINGID, DTE, COUNTY, STATE, BADGE, SSN, LEGAL) 
VALUES (23, '2016-03-02', 'Johnstown', 'PA', 23, 23, 2);

INSERT INTO SHOOTING (SHOOTINGID, DTE, COUNTY, STATE, BADGE, SSN, LEGAL) 
VALUES (24, '2016-03-13', 'Chester', 'PA', 24, 24, 1);

INSERT INTO SHOOTING (SHOOTINGID, DTE, COUNTY, STATE, BADGE, SSN, LEGAL) 
VALUES (25, '2016-03-20', 'Fort Littleton', 'PA', 25, 25, 0);

INSERT INTO SHOOTING (SHOOTINGID, DTE, COUNTY, STATE, BADGE, SSN, LEGAL) 
VALUES (26, '2016-03-21', 'South Greensburg', 'PA', 26, 26, 0);

INSERT INTO SHOOTING (SHOOTINGID, DTE, COUNTY, STATE, BADGE, SSN, LEGAL) 
VALUES (27, '2016-04-09', 'Philadelphia', 'PA', 27, 27, 0);

INSERT INTO SHOOTING (SHOOTINGID, DTE, COUNTY, STATE, BADGE, SSN, LEGAL) 
VALUES (28, '2016-05-04', 'Philadelphia', 'PA', 28, 28, 0);

INSERT INTO SHOOTING (SHOOTINGID, DTE, COUNTY, STATE, BADGE, SSN, LEGAL) 
VALUES (29, '2016-06-09', 'York', 'PA', 29, 29, 0);

INSERT INTO SHOOTING (SHOOTINGID, DTE, COUNTY, STATE, BADGE, SSN, LEGAL) 
VALUES (30, '2016-08-07', 'Harrisburg', 'PA', 30, 30, 0);

INSERT INTO SHOOTING (SHOOTINGID, DTE, COUNTY, STATE, BADGE, SSN, LEGAL) 
VALUES (31, '2016-09-17', 'Philadelphia', 'PA', 31, 31, 0);

INSERT INTO SHOOTING (SHOOTINGID, DTE, COUNTY, STATE, BADGE, SSN, LEGAL) 
VALUES (32, '2016-09-28', 'Philadelphia', 'PA', 32, 32, 0);

INSERT INTO SHOOTING (SHOOTINGID, DTE, COUNTY, STATE, BADGE, SSN, LEGAL) 
VALUES (33, '2016-11-03', 'Chambersburg', 'PA', 33, 33, 0);

INSERT INTO SHOOTING (SHOOTINGID, DTE, COUNTY, STATE, BADGE, SSN, LEGAL) 
VALUES (34, '2016-11-07', 'Philadelphia', 'PA', 34, 34, 0);

INSERT INTO SHOOTING (SHOOTINGID, DTE, COUNTY, STATE, BADGE, SSN, LEGAL) 
VALUES (35, '2016-11-13', 'Bloomsburg', 'PA', 35, 35, 1);

INSERT INTO SHOOTING (SHOOTINGID, DTE, COUNTY, STATE, BADGE, SSN, LEGAL) 
VALUES (36, '2016-11-15', 'York County', 'PA', 36, 36, 0);

INSERT INTO SHOOTING (SHOOTINGID, DTE, COUNTY, STATE, BADGE, SSN, LEGAL) 
VALUES (37, '2016-12-07', 'Avella', 'PA', 37, 37, 0);

INSERT INTO SHOOTING (SHOOTINGID, DTE, COUNTY, STATE, BADGE, SSN, LEGAL) 
VALUES (38, '2016-12-09', 'Forks Township', 'PA', 38, 38, 0);

INSERT INTO SHOOTING (SHOOTINGID, DTE, COUNTY, STATE, BADGE, SSN, LEGAL) 
VALUES (39, '2016-12-12', 'Philadelphia', 'PA', 39, 39, 0);

INSERT INTO SHOOTING (SHOOTINGID, DTE, COUNTY, STATE, BADGE, SSN, LEGAL) 
VALUES (40, '2016-12-31', 'Huntingdon County', 'PA', 40, 40, 0);

INSERT INTO SHOOTING (SHOOTINGID, DTE, COUNTY, STATE, BADGE, SSN, LEGAL) 
VALUES (41, '2017-01-06', 'Sharon', 'PA', 41, 41, 0);

INSERT INTO SHOOTING (SHOOTINGID, DTE, COUNTY, STATE, BADGE, SSN, LEGAL) 
VALUES (42, '2017-01-22', 'Pittsburgh', 'PA', 42, 42, 0);

INSERT INTO SHOOTING (SHOOTINGID, DTE, COUNTY, STATE, BADGE, SSN, LEGAL) 
VALUES (43, '2017-01-24', 'Lancaster City', 'PA', 43, 43, 0);

INSERT INTO SHOOTING (SHOOTINGID, DTE, COUNTY, STATE, BADGE, SSN, LEGAL) 
VALUES (44, '2017-02-24', 'Reading', 'PA', 44, 44, 0);

INSERT INTO SHOOTING (SHOOTINGID, DTE, COUNTY, STATE, BADGE, SSN, LEGAL) 
VALUES (45, '2017-03-08', 'Union Township', 'PA', 45, 45, 0);

INSERT INTO SHOOTING (SHOOTINGID, DTE, COUNTY, STATE, BADGE, SSN, LEGAL) 
VALUES (46, '2017-04-24', 'Stewartstown', 'PA', 46, 46, 0);

INSERT INTO SHOOTING (SHOOTINGID, DTE, COUNTY, STATE, BADGE, SSN, LEGAL) 
VALUES (47, '2017-04-26', 'Lewistown', 'PA', 47, 47, 0);

INSERT INTO SHOOTING (SHOOTINGID, DTE, COUNTY, STATE, BADGE, SSN, LEGAL) 
VALUES (48, '2017-05-12', 'Philadelphia', 'PA', 48, 48, 0);

INSERT INTO SHOOTING (SHOOTINGID, DTE, COUNTY, STATE, BADGE, SSN, LEGAL) 
VALUES (49, '2017-05-20', 'Lower Mount Bethel', 'PA', 49, 49, 0);

INSERT INTO SHOOTING (SHOOTINGID, DTE, COUNTY, STATE, BADGE, SSN, LEGAL) 
VALUES (50, '2017-05-21', 'Allentown', 'PA', 50, 50, 0);

INSERT INTO SHOOTING (SHOOTINGID, DTE, COUNTY, STATE, BADGE, SSN, LEGAL) 
VALUES (51, '2017-06-08', 'Philadelphia', 'PA', 51, 51, 0);

INSERT INTO SHOOTING (SHOOTINGID, DTE, COUNTY, STATE, BADGE, SSN, LEGAL) 
VALUES (52, '2017-08-04', 'Mead Township', 'PA', 52, 52, 0);

INSERT INTO SHOOTING (SHOOTINGID, DTE, COUNTY, STATE, BADGE, SSN, LEGAL) 
VALUES (53, '2017-08-11', 'Philadelphia', 'PA', 53, 53, 0);

INSERT INTO SHOOTING (SHOOTINGID, DTE, COUNTY, STATE, BADGE, SSN, LEGAL) 
VALUES (54, '2017-08-18', 'Fairchance', 'PA', 54, 54, 0);

INSERT INTO SHOOTING (SHOOTINGID, DTE, COUNTY, STATE, BADGE, SSN, LEGAL) 
VALUES (55, '2017-10-01', 'Canton Township', 'PA', 55, 55, 1);

INSERT INTO SHOOTING (SHOOTINGID, DTE, COUNTY, STATE, BADGE, SSN, LEGAL) 
VALUES (56, '2017-10-06', 'Perryopolis', 'PA', 56, 56, 0);

INSERT INTO SHOOTING (SHOOTINGID, DTE, COUNTY, STATE, BADGE, SSN, LEGAL) 
VALUES (57, '2017-10-24', 'Plymouth Township', 'PA', 57, 57, 2);

INSERT INTO SHOOTING (SHOOTINGID, DTE, COUNTY, STATE, BADGE, SSN, LEGAL) 
VALUES (58, '2017-10-26', 'Erie', 'PA', 58, 58, 0);

INSERT INTO SHOOTING (SHOOTINGID, DTE, COUNTY, STATE, BADGE, SSN, LEGAL) 
VALUES (59, '2017-10-29', 'King of Prussia', 'PA', 59, 59, 0);

INSERT INTO SHOOTING (SHOOTINGID, DTE, COUNTY, STATE, BADGE, SSN, LEGAL) 
VALUES (60, '2017-12-07', 'Old Forge', 'PA', 60, 60, 0);

INSERT INTO SHOOTING (SHOOTINGID, DTE, COUNTY, STATE, BADGE, SSN, LEGAL) 
VALUES (61, '2017-12-22', 'Harrisburg', 'PA', 61, 61, 0);

INSERT INTO SHOOTING (SHOOTINGID, DTE, COUNTY, STATE, BADGE, SSN, LEGAL) 
VALUES (62, '2017-12-27', 'Philadelphia', 'PA', 62, 62, 0);

INSERT INTO SHOOTING (SHOOTINGID, DTE, COUNTY, STATE, BADGE, SSN, LEGAL) 
VALUES (63, '2017-12-28', 'Dover Township', 'PA', 63, 63, 0);

INSERT INTO SHOOTING (SHOOTINGID, DTE, COUNTY, STATE, BADGE, SSN, LEGAL) 
VALUES (64, '2018-01-06', 'Manchester Township', 'PA', 64, 64, 0);

INSERT INTO SHOOTING (SHOOTINGID, DTE, COUNTY, STATE, BADGE, SSN, LEGAL) 
VALUES (65, '2018-01-18', 'Harrisburg', 'PA', 65, 65, 0);

INSERT INTO SHOOTING (SHOOTINGID, DTE, COUNTY, STATE, BADGE, SSN, LEGAL) 
VALUES (66, '2018-02-01', 'Harrisburg', 'PA', 66, 66, 0);

INSERT INTO SHOOTING (SHOOTINGID, DTE, COUNTY, STATE, BADGE, SSN, LEGAL) 
VALUES (67, '2018-02-11', 'Pittsburgh', 'PA', 67, 67, 0);

INSERT INTO SHOOTING (SHOOTINGID, DTE, COUNTY, STATE, BADGE, SSN, LEGAL) 
VALUES (68, '2018-03-02', 'Bristol Township', 'PA', 68, 68, 0);

INSERT INTO SHOOTING (SHOOTINGID, DTE, COUNTY, STATE, BADGE, SSN, LEGAL) 
VALUES (69, '2018-03-04', 'Abington Township', 'PA', 69, 69, 1);

INSERT INTO SHOOTING (SHOOTINGID, DTE, COUNTY, STATE, BADGE, SSN, LEGAL) 
VALUES (70, '2018-03-08', 'Pottstown', 'PA', 70, 70, 0);

INSERT INTO SHOOTING (SHOOTINGID, DTE, COUNTY, STATE, BADGE, SSN, LEGAL) 
VALUES (71, '2018-03-28', 'Lower Macungie Township', 'PA', 71, 71, 0);

INSERT INTO SHOOTING (SHOOTINGID, DTE, COUNTY, STATE, BADGE, SSN, LEGAL) 
VALUES (72, '2018-04-05', 'Volant', 'PA', 72, 72, 0);

INSERT INTO SHOOTING (SHOOTINGID, DTE, COUNTY, STATE, BADGE, SSN, LEGAL) 
VALUES (73, '2018-04-12', 'Washington', 'PA', 73, 73, 0);

INSERT INTO SHOOTING (SHOOTINGID, DTE, COUNTY, STATE, BADGE, SSN, LEGAL) 
VALUES (74, '2018-05-08', 'Lancaster', 'PA', 74, 74, 0);

INSERT INTO SHOOTING (SHOOTINGID, DTE, COUNTY, STATE, BADGE, SSN, LEGAL) 
VALUES (75, '2018-05-10', 'Lower Burrell', 'PA', 75, 75, 0);

INSERT INTO SHOOTING (SHOOTINGID, DTE, COUNTY, STATE, BADGE, SSN, LEGAL) 
VALUES (76, '2018-06-19', 'Pittsburgh', 'PA', 76, 76, 0);

INSERT INTO SHOOTING (SHOOTINGID, DTE, COUNTY, STATE, BADGE, SSN, LEGAL) 
VALUES (77, '2018-06-25', 'Prompton', 'PA', 77, 77, 0);

INSERT INTO SHOOTING (SHOOTINGID, DTE, COUNTY, STATE, BADGE, SSN, LEGAL) 
VALUES (78, '2018-07-28', 'South Whitehall Township', 'PA', 78, 78, 0);

INSERT INTO SHOOTING (SHOOTINGID, DTE, COUNTY, STATE, BADGE, SSN, LEGAL) 
VALUES (79, '2018-08-06', 'Philadelphia', 'PA', 79, 79, 1);

INSERT INTO SHOOTING (SHOOTINGID, DTE, COUNTY, STATE, BADGE, SSN, LEGAL) 
VALUES (80, '2018-08-09', 'Philadelphia', 'PA', 80, 80, 0);

INSERT INTO SHOOTING (SHOOTINGID, DTE, COUNTY, STATE, BADGE, SSN, LEGAL) 
VALUES (81, '2018-08-20', 'Philadelphia', 'PA', 81, 81, 0);

INSERT INTO SHOOTING (SHOOTINGID, DTE, COUNTY, STATE, BADGE, SSN, LEGAL) 
VALUES (82, '2018-08-25', 'Manchester Township', 'PA', 82, 82, 0);

INSERT INTO SHOOTING (SHOOTINGID, DTE, COUNTY, STATE, BADGE, SSN, LEGAL) 
VALUES (83, '2018-09-16', 'Lancaster', 'PA', 83, 83, 0);

INSERT INTO SHOOTING (SHOOTINGID, DTE, COUNTY, STATE, BADGE, SSN, LEGAL) 
VALUES (84, '2018-12-05', 'Philadephia', 'PA', 84, 84, 0);

INSERT INTO SHOOTING (SHOOTINGID, DTE, COUNTY, STATE, BADGE, SSN, LEGAL) 
VALUES (85, '2018-12-18', 'Franklin Township', 'PA', 85, 85, 0);

INSERT INTO SHOOTING (SHOOTINGID, DTE, COUNTY, STATE, BADGE, SSN, LEGAL) 
VALUES (86, '2018-12-18', 'Union City', 'PA', 86, 86, 0);

INSERT INTO SHOOTING (SHOOTINGID, DTE, COUNTY, STATE, BADGE, SSN, LEGAL) 
VALUES (87, '2019-02-14', 'Aspers', 'PA', 87, 87, 0);

INSERT INTO SHOOTING (SHOOTINGID, DTE, COUNTY, STATE, BADGE, SSN, LEGAL) 
VALUES (88, '2019-03-13', 'Greensburg', 'PA', 88, 88, 0);

INSERT INTO SHOOTING (SHOOTINGID, DTE, COUNTY, STATE, BADGE, SSN, LEGAL) 
VALUES (89, '2019-03-20', 'State College', 'PA', 89, 89, 0);

INSERT INTO SHOOTING (SHOOTINGID, DTE, COUNTY, STATE, BADGE, SSN, LEGAL) 
VALUES (90, '2019-07-14', 'Penn Hills', 'PA', 90, 90, 0);

INSERT INTO SHOOTING (SHOOTINGID, DTE, COUNTY, STATE, BADGE, SSN, LEGAL) 
VALUES (91, '2019-07-23', 'Ross Township', 'PA', 91, 91, 0);

INSERT INTO SHOOTING (SHOOTINGID, DTE, COUNTY, STATE, BADGE, SSN, LEGAL) 
VALUES (92, '2019-07-26', 'Three Springs', 'PA', 92, 92, 0);

INSERT INTO SHOOTING (SHOOTINGID, DTE, COUNTY, STATE, BADGE, SSN, LEGAL) 
VALUES (93, '2019-07-28', 'Stroudsburg', 'PA', 93, 93, 0);

INSERT INTO SHOOTING (SHOOTINGID, DTE, COUNTY, STATE, BADGE, SSN, LEGAL) 
VALUES (94, '2019-08-01', 'Allentown', 'PA', 94, 94, 0);

INSERT INTO SHOOTING (SHOOTINGID, DTE, COUNTY, STATE, BADGE, SSN, LEGAL) 
VALUES (95, '2019-08-06', 'Shaler Township', 'PA', 95, 95, 0);

-- Import Data into table SHOOTING from file C:\Users\Ben\Downloads\finalstuff.xlsx . Task successful and sent to worksheet.

