DROP TABLE OFFICER CASCADE CONSTRAINTS;
DROP TABLE SHOOTING CASCADE CONSTRAINTS;
DROP TABLE VICTIM CASCADE CONSTRAINTS;
DROP SEQUENCE seqOID;
DROP SEQUENCE seqSID;
DROP SEQUENCE seqVID;
CREATE TABLE OFFICER(
	Badge		     Int			NOT NULL,
    Name			Char(25)		NOT NULL,
	State           Char(2)        NOT NULL,
	County			Char(25)		NULL,
	CONSTRAINT			OFFICER_PK		PRIMARY KEY(Badge)
	);
    CREATE SEQUENCE seqOID INCREMENT BY 1 START WITH 1;
    
CREATE SEQUENCE seqSID INCREMENT BY 1 START WITH 1;

CREATE SEQUENCE seqVID INCREMENT BY 1 START WITH 1;

CREATE TABLE VICTIM(
	SSN			Int				        NOT NULL,
	VName			Char(25)		NOT NULL,
	Age			Int		                NULL,
	Race		Char(15)		 NULL,
    Gender      Char(1)                 NULL,
    MentalIllness       Char(5)              NULL,
    Weapon              Int                 NULL,
	CONSTRAINT			VICTIM_PK		PRIMARY KEY(SSN)
	);
    CREATE TABLE SHOOTING(
ShootingID			Int				NOT NULL,
   State               Char(2)        NOT NULL,
    County               Char(25)        NOT NULL,
    Dte                Char(10)             NOT NULL,
    Legal                   Int             NOT NULL,
	Badge			Int				NOT NULL,
    SSN             Int             NOT NULL,
    CONSTRAINT			OFFICER_FK	FOREIGN KEY (Badge)
							REFERENCES OFFICER(Badge),
   CONSTRAINT          VICTIM_FK FOREIGN KEY (SSN) 
                            REFERENCES VICTIM(SSN),
CONSTRAINT			SHOOTING_PK	PRIMARY KEY (ShootingID)
);
SET DEFINE OFF

SET DEFINE OFF

INSERT INTO OFFICER (BADGE, NAME, COUNTY, STATE) 
VALUES (1, 'Samual Pemberton', 'Knoxville', 'PA');

INSERT INTO OFFICER (BADGE, NAME, COUNTY, STATE) 
VALUES (2, 'Payton Baird', 'Hummelstown', 'PA');

INSERT INTO OFFICER (BADGE, NAME, COUNTY, STATE) 
VALUES (3, 'Glenn Powers', 'Reading', 'PA');

INSERT INTO OFFICER (BADGE, NAME, COUNTY, STATE) 
VALUES (4, 'Ewan Read', 'Allentown', 'PA');

INSERT INTO OFFICER (BADGE, NAME, COUNTY, STATE) 
VALUES (5, 'Ada Clayton', 'Straban Township', 'PA');

INSERT INTO OFFICER (BADGE, NAME, COUNTY, STATE) 
VALUES (6, 'Marvin Mcfarland', 'Lancaster', 'PA');

INSERT INTO OFFICER (BADGE, NAME, COUNTY, STATE) 
VALUES (7, 'Remy Mason', 'Somerset', 'PA');

INSERT INTO OFFICER (BADGE, NAME, COUNTY, STATE) 
VALUES (8, 'Clinton Bassett', 'Pittsburgh', 'PA');

INSERT INTO OFFICER (BADGE, NAME, COUNTY, STATE) 
VALUES (9, 'Yunus Robin', 'Philadelphia', 'PA');

INSERT INTO OFFICER (BADGE, NAME, COUNTY, STATE) 
VALUES (10, 'Perry Black', 'Campbelltown', 'PA');

INSERT INTO OFFICER (BADGE, NAME, COUNTY, STATE) 
VALUES (11, 'Chandler Woods', 'Pittston', 'PA');

INSERT INTO OFFICER (BADGE, NAME, COUNTY, STATE) 
VALUES (12, 'Boyd Fellows', 'West Chester', 'PA');

INSERT INTO OFFICER (BADGE, NAME, COUNTY, STATE) 
VALUES (13, 'Dougie Jennings', 'Chester', 'PA');

INSERT INTO OFFICER (BADGE, NAME, COUNTY, STATE) 
VALUES (14, 'Kishan Lyon', 'York', 'PA');

INSERT INTO OFFICER (BADGE, NAME, COUNTY, STATE) 
VALUES (15, 'Hassan York', 'Germantown', 'PA');

INSERT INTO OFFICER (BADGE, NAME, COUNTY, STATE) 
VALUES (16, 'Noa Mills', 'Mount Washington', 'PA');

INSERT INTO OFFICER (BADGE, NAME, COUNTY, STATE) 
VALUES (17, 'Yusef Sharma', 'East Stroudsburg', 'PA');

INSERT INTO OFFICER (BADGE, NAME, COUNTY, STATE) 
VALUES (18, 'Ocean Cervantes', 'Canaan Township', 'PA');

INSERT INTO OFFICER (BADGE, NAME, COUNTY, STATE) 
VALUES (19, 'Anton Morrison', 'Upper Darby', 'PA');

INSERT INTO OFFICER (BADGE, NAME, COUNTY, STATE) 
VALUES (20, 'Darcey Payne', 'Penn Township', 'PA');

INSERT INTO OFFICER (BADGE, NAME, COUNTY, STATE) 
VALUES (21, 'Mira David', 'Wilkinsburg', 'PA');

INSERT INTO OFFICER (BADGE, NAME, COUNTY, STATE) 
VALUES (22, 'Luc Frey', 'Chester', 'PA');

INSERT INTO OFFICER (BADGE, NAME, COUNTY, STATE) 
VALUES (23, 'Devante Coleman', 'Johnstown', 'PA');

INSERT INTO OFFICER (BADGE, NAME, COUNTY, STATE) 
VALUES (24, 'Arjan Novak', 'Chester', 'PA');

INSERT INTO OFFICER (BADGE, NAME, COUNTY, STATE) 
VALUES (25, 'Sierra Griffiths', 'Fort Littleton', 'PA');

INSERT INTO OFFICER (BADGE, NAME, COUNTY, STATE) 
VALUES (26, 'Kaiser Haas', 'South Greensburg', 'PA');

INSERT INTO OFFICER (BADGE, NAME, COUNTY, STATE) 
VALUES (27, 'Devon Kerr', 'Philadelphia', 'PA');

INSERT INTO OFFICER (BADGE, NAME, COUNTY, STATE) 
VALUES (28, 'Brandy Schmidt', 'Philadelphia', 'PA');

INSERT INTO OFFICER (BADGE, NAME, COUNTY, STATE) 
VALUES (29, 'Alby Crosby', 'York', 'PA');

INSERT INTO OFFICER (BADGE, NAME, COUNTY, STATE) 
VALUES (30, 'Junior Arias', 'Harrisburg', 'PA');

INSERT INTO OFFICER (BADGE, NAME, COUNTY, STATE) 
VALUES (31, 'Orion Downes', 'Philadelphia', 'PA');

INSERT INTO OFFICER (BADGE, NAME, COUNTY, STATE) 
VALUES (32, 'Cheyenne Peralta', 'Philadelphia', 'PA');

INSERT INTO OFFICER (BADGE, NAME, COUNTY, STATE) 
VALUES (33, 'Charlie Redfern', 'Chambersburg', 'PA');

INSERT INTO OFFICER (BADGE, NAME, COUNTY, STATE) 
VALUES (34, 'Charli Moss', 'Philadelphia', 'PA');

INSERT INTO OFFICER (BADGE, NAME, COUNTY, STATE) 
VALUES (35, 'Keenan Wilkins', 'Bloomsburg', 'PA');

INSERT INTO OFFICER (BADGE, NAME, COUNTY, STATE) 
VALUES (36, 'Evan Emery', 'York County', 'PA');

INSERT INTO OFFICER (BADGE, NAME, COUNTY, STATE) 
VALUES (37, 'Marwan Gough', 'Avella', 'PA');

INSERT INTO OFFICER (BADGE, NAME, COUNTY, STATE) 
VALUES (38, 'Leandro Mcmanus', 'Forks Township', 'PA');

INSERT INTO OFFICER (BADGE, NAME, COUNTY, STATE) 
VALUES (39, 'Mohamad Oakley', 'Philadelphia', 'PA');

INSERT INTO OFFICER (BADGE, NAME, COUNTY, STATE) 
VALUES (40, 'Elis Stark', 'Huntingdon County', 'PA');

INSERT INTO OFFICER (BADGE, NAME, COUNTY, STATE) 
VALUES (41, 'Makenzie Butler', 'Sharon', 'PA');

INSERT INTO OFFICER (BADGE, NAME, COUNTY, STATE) 
VALUES (42, 'Steve Espinosa', 'Pittsburgh', 'PA');

INSERT INTO OFFICER (BADGE, NAME, COUNTY, STATE) 
VALUES (43, 'Ashlea Espinoza', 'Lancaster City', 'PA');

INSERT INTO OFFICER (BADGE, NAME, COUNTY, STATE) 
VALUES (44, 'Dillan Mckeown', 'Reading', 'PA');

INSERT INTO OFFICER (BADGE, NAME, COUNTY, STATE) 
VALUES (45, 'Teagan Potts', 'Union Township', 'PA');

INSERT INTO OFFICER (BADGE, NAME, COUNTY, STATE) 
VALUES (46, 'Christos Bone', 'Stewartstown', 'PA');

INSERT INTO OFFICER (BADGE, NAME, COUNTY, STATE) 
VALUES (47, 'Jaidon Kirby', 'Lewistown', 'PA');

INSERT INTO OFFICER (BADGE, NAME, COUNTY, STATE) 
VALUES (48, 'Kayden Yang', 'Philadelphia', 'PA');

INSERT INTO OFFICER (BADGE, NAME, COUNTY, STATE) 
VALUES (49, 'Abid Mahoney', 'Lower Mount Bethel', 'PA');

INSERT INTO OFFICER (BADGE, NAME, COUNTY, STATE) 
VALUES (50, 'Amanpreet Ellis', 'Allentown', 'PA');

INSERT INTO OFFICER (BADGE, NAME, COUNTY, STATE) 
VALUES (51, 'Dominik Cunningham', 'Philadelphia', 'PA');

INSERT INTO OFFICER (BADGE, NAME, COUNTY, STATE) 
VALUES (52, 'Dante Archer', 'Mead Township', 'PA');

INSERT INTO OFFICER (BADGE, NAME, COUNTY, STATE) 
VALUES (53, 'Merryn Cousins', 'Philadelphia', 'PA');

INSERT INTO OFFICER (BADGE, NAME, COUNTY, STATE) 
VALUES (54, 'Percy Williams', 'Fairchance', 'PA');

INSERT INTO OFFICER (BADGE, NAME, COUNTY, STATE) 
VALUES (55, 'Youssef Mcgill', 'Canton Township', 'PA');

INSERT INTO OFFICER (BADGE, NAME, COUNTY, STATE) 
VALUES (56, 'Kaleb Beech', 'Perryopolis', 'PA');

INSERT INTO OFFICER (BADGE, NAME, COUNTY, STATE) 
VALUES (57, 'Clarke Milne', 'Plymouth Township', 'PA');

INSERT INTO OFFICER (BADGE, NAME, COUNTY, STATE) 
VALUES (58, 'Karter Macfarlane', 'Erie', 'PA');

INSERT INTO OFFICER (BADGE, NAME, COUNTY, STATE) 
VALUES (59, 'Russell Pugh', 'King of Prussia', 'PA');

INSERT INTO OFFICER (BADGE, NAME, COUNTY, STATE) 
VALUES (60, 'Kelsey Norton', 'Old Forge', 'PA');

INSERT INTO OFFICER (BADGE, NAME, COUNTY, STATE) 
VALUES (61, 'Grant Schwartz', 'Harrisburg', 'PA');

INSERT INTO OFFICER (BADGE, NAME, COUNTY, STATE) 
VALUES (62, 'Burhan Curtis', 'Philadelphia', 'PA');

INSERT INTO OFFICER (BADGE, NAME, COUNTY, STATE) 
VALUES (63, 'Rikesh Cairns', 'Dover Township', 'PA');

INSERT INTO OFFICER (BADGE, NAME, COUNTY, STATE) 
VALUES (64, 'Marcus Davies', 'Manchester Township', 'PA');

INSERT INTO OFFICER (BADGE, NAME, COUNTY, STATE) 
VALUES (65, 'Roy Dolan', 'Harrisburg', 'PA');

INSERT INTO OFFICER (BADGE, NAME, COUNTY, STATE) 
VALUES (66, 'Amara Whyte', 'Harrisburg', 'PA');

INSERT INTO OFFICER (BADGE, NAME, COUNTY, STATE) 
VALUES (67, 'Murray Olson', 'Pittsburgh', 'PA');

INSERT INTO OFFICER (BADGE, NAME, COUNTY, STATE) 
VALUES (68, 'Frederick Alvarado', 'Bristol Township', 'PA');

INSERT INTO OFFICER (BADGE, NAME, COUNTY, STATE) 
VALUES (69, 'Piers Blackburn', 'Abington Township', 'PA');

INSERT INTO OFFICER (BADGE, NAME, COUNTY, STATE) 
VALUES (70, 'Grayson Preece', 'Pottstown', 'PA');

INSERT INTO OFFICER (BADGE, NAME, COUNTY, STATE) 
VALUES (71, 'Ruari Everett', 'Lower Macungie Township', 'PA');

INSERT INTO OFFICER (BADGE, NAME, COUNTY, STATE) 
VALUES (72, 'Keyan Stewart', 'Volant', 'PA');

INSERT INTO OFFICER (BADGE, NAME, COUNTY, STATE) 
VALUES (73, 'Marian Hunter', 'Washington', 'PA');

INSERT INTO OFFICER (BADGE, NAME, COUNTY, STATE) 
VALUES (74, 'Donovan Crossley', 'Lancaster', 'PA');

INSERT INTO OFFICER (BADGE, NAME, COUNTY, STATE) 
VALUES (75, 'Izaak Kay', 'Lower Burrell', 'PA');

INSERT INTO OFFICER (BADGE, NAME, COUNTY, STATE) 
VALUES (76, 'Milan Grainger', 'Pittsburgh', 'PA');

INSERT INTO OFFICER (BADGE, NAME, COUNTY, STATE) 
VALUES (77, 'Nevaeh Rivera', 'Prompton', 'PA');

INSERT INTO OFFICER (BADGE, NAME, COUNTY, STATE) 
VALUES (78, 'Zakaria Pace', 'South Whitehall Township', 'PA');

INSERT INTO OFFICER (BADGE, NAME, COUNTY, STATE) 
VALUES (79, 'Stan Finnegan', 'Philadelphia', 'PA');

INSERT INTO OFFICER (BADGE, NAME, COUNTY, STATE) 
VALUES (80, 'Sol Hawkins', 'Philadelphia', 'PA');

INSERT INTO OFFICER (BADGE, NAME, COUNTY, STATE) 
VALUES (81, 'Clay Hancock', 'Philadelphia', 'PA');

INSERT INTO OFFICER (BADGE, NAME, COUNTY, STATE) 
VALUES (82, 'Jose Davis', 'Manchester Township', 'PA');

INSERT INTO OFFICER (BADGE, NAME, COUNTY, STATE) 
VALUES (83, 'Ezra Senior', 'Lancaster', 'PA');

INSERT INTO OFFICER (BADGE, NAME, COUNTY, STATE) 
VALUES (84, 'Konrad Matthews', 'Philadephia', 'PA');

INSERT INTO OFFICER (BADGE, NAME, COUNTY, STATE) 
VALUES (85, 'Ahmed Velasquez', 'Franklin Township', 'PA');

INSERT INTO OFFICER (BADGE, NAME, COUNTY, STATE) 
VALUES (86, 'Roger Orr', 'Union City', 'PA');

INSERT INTO OFFICER (BADGE, NAME, COUNTY, STATE) 
VALUES (87, 'Seamus Tapia', 'Aspers', 'PA');

INSERT INTO OFFICER (BADGE, NAME, COUNTY, STATE) 
VALUES (88, 'Tre Gilmore', 'Greensburg', 'PA');

INSERT INTO OFFICER (BADGE, NAME, COUNTY, STATE) 
VALUES (89, 'Liam Patterson', 'State College', 'PA');

INSERT INTO OFFICER (BADGE, NAME, COUNTY, STATE) 
VALUES (90, 'Kyran Cherry', 'Penn Hills', 'PA');

INSERT INTO OFFICER (BADGE, NAME, COUNTY, STATE) 
VALUES (91, 'Abdallah Hammond', 'Ross Township', 'PA');

INSERT INTO OFFICER (BADGE, NAME, COUNTY, STATE) 
VALUES (92, 'Peyton Goldsmith', 'Three Springs', 'PA');

INSERT INTO OFFICER (BADGE, NAME, COUNTY, STATE) 
VALUES (93, 'Kareem Larson', 'Stroudsburg', 'PA');

INSERT INTO OFFICER (BADGE, NAME, COUNTY, STATE) 
VALUES (94, 'Bronwen Blundell', 'Allentown', 'PA');

INSERT INTO OFFICER (BADGE, NAME, COUNTY, STATE) 
VALUES (95, 'Zidane Carroll', 'Shaler Township', 'PA');

SET DEFINE OFF

INSERT INTO VICTIM (SSN, VNAME, WEAPON, AGE, GENDER, RACE, MENTALILLNESS) 
VALUES (1, 'Leslie Sapp III', 3, 47, 'M', 'B', 'False');

INSERT INTO VICTIM (SSN, VNAME, WEAPON, AGE, GENDER, RACE, MENTALILLNESS) 
VALUES (2, 'David Kassick', 0, 59, 'M', 'W', 'False');

INSERT INTO VICTIM (SSN, VNAME, WEAPON, AGE, GENDER, RACE, MENTALILLNESS) 
VALUES (3, 'Richard Carlin', 0, 35, 'M', 'H', 'False');

INSERT INTO VICTIM (SSN, VNAME, WEAPON, AGE, GENDER, RACE, MENTALILLNESS) 
VALUES (4, 'Jerome Nichols', 2, 42, 'M', 'W', 'False');

INSERT INTO VICTIM (SSN, VNAME, WEAPON, AGE, GENDER, RACE, MENTALILLNESS) 
VALUES (5, 'Jess Leipold', 1, 31, 'M', 'W', 'True');

INSERT INTO VICTIM (SSN, VNAME, WEAPON, AGE, GENDER, RACE, MENTALILLNESS) 
VALUES (6, 'Anthony Gomez', 1, 29, 'M', 'B', 'False');

INSERT INTO VICTIM (SSN, VNAME, WEAPON, AGE, GENDER, RACE, MENTALILLNESS) 
VALUES (7, 'Michael Lowery', 3, 40, 'M', 'W', 'False');

INSERT INTO VICTIM (SSN, VNAME, WEAPON, AGE, GENDER, RACE, MENTALILLNESS) 
VALUES (8, 'Tyrone Harris', 1, 20, 'M', 'B', 'False');

INSERT INTO VICTIM (SSN, VNAME, WEAPON, AGE, GENDER, RACE, MENTALILLNESS) 
VALUES (9, 'Devon Guisherd', 1, 27, 'M', 'B', 'False');

INSERT INTO VICTIM (SSN, VNAME, WEAPON, AGE, GENDER, RACE, MENTALILLNESS) 
VALUES (10, 'Joshua Malave', 1, 18, 'M', 'W', 'False');

INSERT INTO VICTIM (SSN, VNAME, WEAPON, AGE, GENDER, RACE, MENTALILLNESS) 
VALUES (11, 'Robert Patrick Quinn', 3, 77, 'M', NULL, 'True');

INSERT INTO VICTIM (SSN, VNAME, WEAPON, AGE, GENDER, RACE, MENTALILLNESS) 
VALUES (12, 'Curtis Smith', 2, 34, 'M', 'B', 'False');

INSERT INTO VICTIM (SSN, VNAME, WEAPON, AGE, GENDER, RACE, MENTALILLNESS) 
VALUES (13, 'Robert T. Edwards', 1, 31, 'M', 'W', 'False');

INSERT INTO VICTIM (SSN, VNAME, WEAPON, AGE, GENDER, RACE, MENTALILLNESS) 
VALUES (14, 'Dequan Williams', 2, 28, 'M', 'B', 'True');

INSERT INTO VICTIM (SSN, VNAME, WEAPON, AGE, GENDER, RACE, MENTALILLNESS) 
VALUES (15, 'Shane Whitehead', 4, 16, 'M', 'B', 'False');

INSERT INTO VICTIM (SSN, VNAME, WEAPON, AGE, GENDER, RACE, MENTALILLNESS) 
VALUES (16, 'Raymone M. Davis', 1, 21, 'M', 'B', 'False');

INSERT INTO VICTIM (SSN, VNAME, WEAPON, AGE, GENDER, RACE, MENTALILLNESS) 
VALUES (17, 'Andrew Jospeh Todd', 1, 20, 'M', 'W', 'True');

INSERT INTO VICTIM (SSN, VNAME, WEAPON, AGE, GENDER, RACE, MENTALILLNESS) 
VALUES (18, 'Derek DeGroat', 1, 21, 'M', 'W', 'True');

INSERT INTO VICTIM (SSN, VNAME, WEAPON, AGE, GENDER, RACE, MENTALILLNESS) 
VALUES (19, 'David Zollo', 2, 54, 'M', 'W', 'True');

INSERT INTO VICTIM (SSN, VNAME, WEAPON, AGE, GENDER, RACE, MENTALILLNESS) 
VALUES (20, 'Ciara Meyer', 0, 12, 'F', 'W', 'False');

INSERT INTO VICTIM (SSN, VNAME, WEAPON, AGE, GENDER, RACE, MENTALILLNESS) 
VALUES (21, 'Bruce Kelley', 2, 37, 'M', 'B', 'True');

INSERT INTO VICTIM (SSN, VNAME, WEAPON, AGE, GENDER, RACE, MENTALILLNESS) 
VALUES (22, 'Shalamar Longer', 1, 33, 'M', 'B', 'False');

INSERT INTO VICTIM (SSN, VNAME, WEAPON, AGE, GENDER, RACE, MENTALILLNESS) 
VALUES (23, 'Daniel Burkhardt', 2, 41, 'M', 'W', 'False');

INSERT INTO VICTIM (SSN, VNAME, WEAPON, AGE, GENDER, RACE, MENTALILLNESS) 
VALUES (24, 'Keith Montgomery Jr.', 1, 24, 'M', 'B', 'False');

INSERT INTO VICTIM (SSN, VNAME, WEAPON, AGE, GENDER, RACE, MENTALILLNESS) 
VALUES (25, 'Clarence Briggs', 1, 54, 'M', 'W', 'False');

INSERT INTO VICTIM (SSN, VNAME, WEAPON, AGE, GENDER, RACE, MENTALILLNESS) 
VALUES (26, 'Edward J. Gorinski', 1, 28, 'M', 'W', 'True');

INSERT INTO VICTIM (SSN, VNAME, WEAPON, AGE, GENDER, RACE, MENTALILLNESS) 
VALUES (27, 'Quron Williams', 1, 19, 'M', 'B', 'False');

INSERT INTO VICTIM (SSN, VNAME, WEAPON, AGE, GENDER, RACE, MENTALILLNESS) 
VALUES (28, 'Richard Ferretti', NULL, 52, 'M', 'W', 'False');

INSERT INTO VICTIM (SSN, VNAME, WEAPON, AGE, GENDER, RACE, MENTALILLNESS) 
VALUES (29, 'James Allen Nickol', 1, 38, 'M', 'W', 'False');

INSERT INTO VICTIM (SSN, VNAME, WEAPON, AGE, GENDER, RACE, MENTALILLNESS) 
VALUES (30, 'Earl Pinckney', 2, 20, 'M', 'B', 'True');

INSERT INTO VICTIM (SSN, VNAME, WEAPON, AGE, GENDER, RACE, MENTALILLNESS) 
VALUES (31, 'Nicholas Glenn', 1, 25, 'M', 'B', 'False');

INSERT INTO VICTIM (SSN, VNAME, WEAPON, AGE, GENDER, RACE, MENTALILLNESS) 
VALUES (32, 'Christopher Sowell', 0, 32, 'M', 'B', 'False');

INSERT INTO VICTIM (SSN, VNAME, WEAPON, AGE, GENDER, RACE, MENTALILLNESS) 
VALUES (33, 'Dennis Kirk', 2, 64, 'M', NULL, 'True');

INSERT INTO VICTIM (SSN, VNAME, WEAPON, AGE, GENDER, RACE, MENTALILLNESS) 
VALUES (34, 'Darryl Chisholm', 1, 31, 'M', 'B', 'False');

INSERT INTO VICTIM (SSN, VNAME, WEAPON, AGE, GENDER, RACE, MENTALILLNESS) 
VALUES (35, 'Jonathan M. Young', 4, 38, 'M', NULL, 'True');

INSERT INTO VICTIM (SSN, VNAME, WEAPON, AGE, GENDER, RACE, MENTALILLNESS) 
VALUES (36, 'Rasheem Singletary', NULL, 25, 'M', 'B', 'False');

INSERT INTO VICTIM (SSN, VNAME, WEAPON, AGE, GENDER, RACE, MENTALILLNESS) 
VALUES (37, 'Steven Garrett Ward', 2, 20, 'M', NULL, 'True');

INSERT INTO VICTIM (SSN, VNAME, WEAPON, AGE, GENDER, RACE, MENTALILLNESS) 
VALUES (38, 'Scott MacIntosh', 4, 35, 'M', 'W', 'True');

INSERT INTO VICTIM (SSN, VNAME, WEAPON, AGE, GENDER, RACE, MENTALILLNESS) 
VALUES (39, 'Kenneth Robledo', 1, 28, 'M', 'B', 'False');

INSERT INTO VICTIM (SSN, VNAME, WEAPON, AGE, GENDER, RACE, MENTALILLNESS) 
VALUES (40, 'Jason Michael Robison', 1, 32, 'M', 'W', 'False');

INSERT INTO VICTIM (SSN, VNAME, WEAPON, AGE, GENDER, RACE, MENTALILLNESS) 
VALUES (41, 'Sean Ryan Hake', 2, 23, 'M', 'W', 'True');

INSERT INTO VICTIM (SSN, VNAME, WEAPON, AGE, GENDER, RACE, MENTALILLNESS) 
VALUES (42, 'Christopher Thompkins', 1, 57, 'M', 'B', 'False');

INSERT INTO VICTIM (SSN, VNAME, WEAPON, AGE, GENDER, RACE, MENTALILLNESS) 
VALUES (43, 'Jose Efrain Rodriguez', 1, 18, 'M', 'H', 'False');

INSERT INTO VICTIM (SSN, VNAME, WEAPON, AGE, GENDER, RACE, MENTALILLNESS) 
VALUES (44, 'Michael T. Stoudt', 1, 62, 'M', 'W', 'False');

INSERT INTO VICTIM (SSN, VNAME, WEAPON, AGE, GENDER, RACE, MENTALILLNESS) 
VALUES (45, 'Frank W. Wratny', 1, 91, 'M', 'W', 'False');

INSERT INTO VICTIM (SSN, VNAME, WEAPON, AGE, GENDER, RACE, MENTALILLNESS) 
VALUES (46, 'Robert Becker', 1, 79, 'M', 'W', 'True');

INSERT INTO VICTIM (SSN, VNAME, WEAPON, AGE, GENDER, RACE, MENTALILLNESS) 
VALUES (47, 'Charles Bossinger', 1, 53, 'M', 'W', 'True');

INSERT INTO VICTIM (SSN, VNAME, WEAPON, AGE, GENDER, RACE, MENTALILLNESS) 
VALUES (48, 'Ronald Singletary', 2, 51, 'M', 'B', 'False');

INSERT INTO VICTIM (SSN, VNAME, WEAPON, AGE, GENDER, RACE, MENTALILLNESS) 
VALUES (49, 'Anthony Paul Ardo', 4, 47, 'M', 'W', 'True');

INSERT INTO VICTIM (SSN, VNAME, WEAPON, AGE, GENDER, RACE, MENTALILLNESS) 
VALUES (50, 'Joseph M. Hodgin', 1, 43, 'M', 'W', 'False');

INSERT INTO VICTIM (SSN, VNAME, WEAPON, AGE, GENDER, RACE, MENTALILLNESS) 
VALUES (51, 'David Jones', 0, 30, 'M', 'B', 'False');

INSERT INTO VICTIM (SSN, VNAME, WEAPON, AGE, GENDER, RACE, MENTALILLNESS) 
VALUES (52, 'Joseph Miller', 1, 54, 'M', 'W', 'False');

INSERT INTO VICTIM (SSN, VNAME, WEAPON, AGE, GENDER, RACE, MENTALILLNESS) 
VALUES (53, 'Tyrease Carlyle', 1, 31, 'M', 'B', 'True');

INSERT INTO VICTIM (SSN, VNAME, WEAPON, AGE, GENDER, RACE, MENTALILLNESS) 
VALUES (54, 'Clarence Belsar III', 1, 26, 'M', 'W', 'False');

INSERT INTO VICTIM (SSN, VNAME, WEAPON, AGE, GENDER, RACE, MENTALILLNESS) 
VALUES (55, 'Anthony Gallo', 2, 34, 'M', 'W', 'True');

INSERT INTO VICTIM (SSN, VNAME, WEAPON, AGE, GENDER, RACE, MENTALILLNESS) 
VALUES (56, 'Garrett Hoose', 1, 47, 'M', 'W', 'True');

INSERT INTO VICTIM (SSN, VNAME, WEAPON, AGE, GENDER, RACE, MENTALILLNESS) 
VALUES (57, 'Sean Bohinski', 0, 37, 'M', 'W', 'False');

INSERT INTO VICTIM (SSN, VNAME, WEAPON, AGE, GENDER, RACE, MENTALILLNESS) 
VALUES (58, 'Charles L. Wallace', NULL, 46, 'M', NULL, 'False');

INSERT INTO VICTIM (SSN, VNAME, WEAPON, AGE, GENDER, RACE, MENTALILLNESS) 
VALUES (59, 'Kalin Jackson', NULL, 23, 'M', 'B', 'False');

INSERT INTO VICTIM (SSN, VNAME, WEAPON, AGE, GENDER, RACE, MENTALILLNESS) 
VALUES (60, 'John Souder', 1, 40, 'M', 'W', 'False');

INSERT INTO VICTIM (SSN, VNAME, WEAPON, AGE, GENDER, RACE, MENTALILLNESS) 
VALUES (61, 'Ahmed Aminamin El-Mofty', 1, 51, 'M', NULL, 'False');

INSERT INTO VICTIM (SSN, VNAME, WEAPON, AGE, GENDER, RACE, MENTALILLNESS) 
VALUES (62, 'Dennis Plowden', NULL, 25, 'M', 'B', 'False');

INSERT INTO VICTIM (SSN, VNAME, WEAPON, AGE, GENDER, RACE, MENTALILLNESS) 
VALUES (63, 'Isaiah Christian Green', 1, 20, 'M', NULL, 'False');

INSERT INTO VICTIM (SSN, VNAME, WEAPON, AGE, GENDER, RACE, MENTALILLNESS) 
VALUES (64, 'Gregory Stough', 5, 27, 'M', 'W', 'False');

INSERT INTO VICTIM (SSN, VNAME, WEAPON, AGE, GENDER, RACE, MENTALILLNESS) 
VALUES (65, 'Kevin Sturgis', 1, 31, 'M', 'B', 'False');

INSERT INTO VICTIM (SSN, VNAME, WEAPON, AGE, GENDER, RACE, MENTALILLNESS) 
VALUES (66, 'Albert E. Morton', NULL, 31, 'M', 'B', 'False');

INSERT INTO VICTIM (SSN, VNAME, WEAPON, AGE, GENDER, RACE, MENTALILLNESS) 
VALUES (67, 'Mark Daniels', 1, 39, 'M', 'B', 'False');

INSERT INTO VICTIM (SSN, VNAME, WEAPON, AGE, GENDER, RACE, MENTALILLNESS) 
VALUES (68, 'Jose D. Gomez Burgos', 4, 29, 'M', 'H', 'False');

INSERT INTO VICTIM (SSN, VNAME, WEAPON, AGE, GENDER, RACE, MENTALILLNESS) 
VALUES (69, 'Angel Luis Ortiz', 3, NULL, 'M', 'H', 'False');

INSERT INTO VICTIM (SSN, VNAME, WEAPON, AGE, GENDER, RACE, MENTALILLNESS) 
VALUES (70, 'TK TK', 3, NULL, 'M', NULL, 'True');

INSERT INTO VICTIM (SSN, VNAME, WEAPON, AGE, GENDER, RACE, MENTALILLNESS) 
VALUES (71, 'Aaron Ibrahem', 1, 26, 'M', 'W', 'False');

INSERT INTO VICTIM (SSN, VNAME, WEAPON, AGE, GENDER, RACE, MENTALILLNESS) 
VALUES (72, 'William Frazier', 1, 40, 'M', 'W', 'False');

INSERT INTO VICTIM (SSN, VNAME, WEAPON, AGE, GENDER, RACE, MENTALILLNESS) 
VALUES (73, 'Steven Brooks', 1, 45, 'M', 'B', 'False');

INSERT INTO VICTIM (SSN, VNAME, WEAPON, AGE, GENDER, RACE, MENTALILLNESS) 
VALUES (74, 'John Simson', 1, 65, 'M', 'W', 'False');

INSERT INTO VICTIM (SSN, VNAME, WEAPON, AGE, GENDER, RACE, MENTALILLNESS) 
VALUES (75, 'Michael E. Hutchman', 1, 33, 'M', 'W', 'False');

INSERT INTO VICTIM (SSN, VNAME, WEAPON, AGE, GENDER, RACE, MENTALILLNESS) 
VALUES (76, 'Antwon Rose', 0, 17, 'M', 'B', 'False');

INSERT INTO VICTIM (SSN, VNAME, WEAPON, AGE, GENDER, RACE, MENTALILLNESS) 
VALUES (77, 'James Sorrentino', 1, 36, 'M', NULL, 'True');

INSERT INTO VICTIM (SSN, VNAME, WEAPON, AGE, GENDER, RACE, MENTALILLNESS) 
VALUES (78, 'Joseph Santos', 0, 44, 'M', 'H', 'False');

INSERT INTO VICTIM (SSN, VNAME, WEAPON, AGE, GENDER, RACE, MENTALILLNESS) 
VALUES (79, 'Ricardo Giddings', 1, 59, 'M', 'B', 'False');

INSERT INTO VICTIM (SSN, VNAME, WEAPON, AGE, GENDER, RACE, MENTALILLNESS) 
VALUES (80, 'Charles Meadows', 1, 48, 'M', 'B', 'False');

INSERT INTO VICTIM (SSN, VNAME, WEAPON, AGE, GENDER, RACE, MENTALILLNESS) 
VALUES (81, 'Jeffrey Dennis', 5, 36, 'M', 'B', 'False');

INSERT INTO VICTIM (SSN, VNAME, WEAPON, AGE, GENDER, RACE, MENTALILLNESS) 
VALUES (82, 'Logan Montgomery', 1, 29, 'M', 'W', 'False');

INSERT INTO VICTIM (SSN, VNAME, WEAPON, AGE, GENDER, RACE, MENTALILLNESS) 
VALUES (83, 'Ricardo Avenia', 1, 29, 'M', 'H', 'False');

INSERT INTO VICTIM (SSN, VNAME, WEAPON, AGE, GENDER, RACE, MENTALILLNESS) 
VALUES (84, 'Justin Smith', 2, 41, 'M', 'W', 'False');

INSERT INTO VICTIM (SSN, VNAME, WEAPON, AGE, GENDER, RACE, MENTALILLNESS) 
VALUES (85, 'Danny Washington', 0, 27, 'M', 'B', 'False');

INSERT INTO VICTIM (SSN, VNAME, WEAPON, AGE, GENDER, RACE, MENTALILLNESS) 
VALUES (86, 'Keith A. Hawley', 1, 27, 'M', 'W', 'False');

INSERT INTO VICTIM (SSN, VNAME, WEAPON, AGE, GENDER, RACE, MENTALILLNESS) 
VALUES (87, 'Michael Drayer', 2, 34, 'M', 'W', 'False');

INSERT INTO VICTIM (SSN, VNAME, WEAPON, AGE, GENDER, RACE, MENTALILLNESS) 
VALUES (88, 'Nina Adams', 1, 47, 'F', 'B', 'True');

INSERT INTO VICTIM (SSN, VNAME, WEAPON, AGE, GENDER, RACE, MENTALILLNESS) 
VALUES (89, 'Osaze Osagie', 2, 29, 'M', 'B', 'True');

INSERT INTO VICTIM (SSN, VNAME, WEAPON, AGE, GENDER, RACE, MENTALILLNESS) 
VALUES (90, 'Onaje Dickinson', 1, 20, 'M', 'B', 'False');

INSERT INTO VICTIM (SSN, VNAME, WEAPON, AGE, GENDER, RACE, MENTALILLNESS) 
VALUES (91, 'Omari Thompson', 1, 31, 'M', 'B', 'False');

INSERT INTO VICTIM (SSN, VNAME, WEAPON, AGE, GENDER, RACE, MENTALILLNESS) 
VALUES (92, 'Todd Messner', 1, 49, 'M', 'W', 'False');

INSERT INTO VICTIM (SSN, VNAME, WEAPON, AGE, GENDER, RACE, MENTALILLNESS) 
VALUES (93, 'Larry Pettiford', 1, 69, 'M', NULL, 'True');

INSERT INTO VICTIM (SSN, VNAME, WEAPON, AGE, GENDER, RACE, MENTALILLNESS) 
VALUES (94, 'Andre Leach', 1, 27, 'M', NULL, 'False');

INSERT INTO VICTIM (SSN, VNAME, WEAPON, AGE, GENDER, RACE, MENTALILLNESS) 
VALUES (95, 'Donald Babbit', 1, 49, 'M', 'W', 'False');
SET DEFINE OFF

INSERT INTO SHOOTING (SHOOTINGID, DTE, COUNTY, STATE, BADGE, SSN, LEGAL) 
VALUES (1, '2015-01-06', 'Knoxville', 'PA', 1, 1, 0);

INSERT INTO SHOOTING (SHOOTINGID, DTE, COUNTY, STATE, BADGE, SSN, LEGAL) 
VALUES (2, '2015-02-02', 'Hummelstown', 'PA', 2, 2, 0);

INSERT INTO SHOOTING (SHOOTINGID, DTE, COUNTY, STATE, BADGE, SSN, LEGAL) 
VALUES (3, '2015-02-13', 'Reading', 'PA', 3, 3, 0);

INSERT INTO SHOOTING (SHOOTINGID, DTE, COUNTY, STATE, BADGE, SSN, LEGAL) 
VALUES (4, '2015-02-23', 'Allentown', 'PA', 4, 4, 0);

INSERT INTO SHOOTING (SHOOTINGID, DTE, COUNTY, STATE, BADGE, SSN, LEGAL) 
VALUES (5, '2015-04-09', 'Straban Township', 'PA', 5, 5, 0);

INSERT INTO SHOOTING (SHOOTINGID, DTE, COUNTY, STATE, BADGE, SSN, LEGAL) 
VALUES (6, '2015-05-20', 'Lancaster', 'PA', 6, 6, 0);

INSERT INTO SHOOTING (SHOOTINGID, DTE, COUNTY, STATE, BADGE, SSN, LEGAL) 
VALUES (7, '2015-05-22', 'Somerset', 'PA', 7, 7, 0);

INSERT INTO SHOOTING (SHOOTINGID, DTE, COUNTY, STATE, BADGE, SSN, LEGAL) 
VALUES (8, '2015-06-22', 'Pittsburgh', 'PA', 8, 8, 0);

INSERT INTO SHOOTING (SHOOTINGID, DTE, COUNTY, STATE, BADGE, SSN, LEGAL) 
VALUES (9, '2015-07-22', 'Philadelphia', 'PA', 9, 9, 0);

INSERT INTO SHOOTING (SHOOTINGID, DTE, COUNTY, STATE, BADGE, SSN, LEGAL) 
VALUES (10, '2015-08-03', 'Campbelltown', 'PA', 10, 10, 0);

INSERT INTO SHOOTING (SHOOTINGID, DTE, COUNTY, STATE, BADGE, SSN, LEGAL) 
VALUES (11, '2015-08-09', 'Pittston', 'PA', 11, 11, 0);

INSERT INTO SHOOTING (SHOOTINGID, DTE, COUNTY, STATE, BADGE, SSN, LEGAL) 
VALUES (12, '2015-08-25', 'West Chester', 'PA', 12, 12, 0);

INSERT INTO SHOOTING (SHOOTINGID, DTE, COUNTY, STATE, BADGE, SSN, LEGAL) 
VALUES (13, '2015-09-11', 'Chester', 'PA', 13, 13, 0);

INSERT INTO SHOOTING (SHOOTINGID, DTE, COUNTY, STATE, BADGE, SSN, LEGAL) 
VALUES (14, '2015-10-17', 'York', 'PA', 14, 14, 0);

INSERT INTO SHOOTING (SHOOTINGID, DTE, COUNTY, STATE, BADGE, SSN, LEGAL) 
VALUES (15, '2015-11-15', 'Germantown', 'PA', 15, 15, 1);

INSERT INTO SHOOTING (SHOOTINGID, DTE, COUNTY, STATE, BADGE, SSN, LEGAL) 
VALUES (16, '2015-12-04', 'Mount Washington', 'PA', 16, 16, 0);

INSERT INTO SHOOTING (SHOOTINGID, DTE, COUNTY, STATE, BADGE, SSN, LEGAL) 
VALUES (17, '2015-12-12', 'East Stroudsburg', 'PA', 17, 17, 0);

INSERT INTO SHOOTING (SHOOTINGID, DTE, COUNTY, STATE, BADGE, SSN, LEGAL) 
VALUES (18, '2015-12-21', 'Canaan Township', 'PA', 18, 18, 0);

INSERT INTO SHOOTING (SHOOTINGID, DTE, COUNTY, STATE, BADGE, SSN, LEGAL) 
VALUES (19, '2016-01-05', 'Upper Darby', 'PA', 19, 19, 0);

INSERT INTO SHOOTING (SHOOTINGID, DTE, COUNTY, STATE, BADGE, SSN, LEGAL) 
VALUES (20, '2016-01-11', 'Penn Township', 'PA', 20, 20, 0);

INSERT INTO SHOOTING (SHOOTINGID, DTE, COUNTY, STATE, BADGE, SSN, LEGAL) 
VALUES (21, '2016-01-31', 'Wilkinsburg', 'PA', 21, 21, 0);

INSERT INTO SHOOTING (SHOOTINGID, DTE, COUNTY, STATE, BADGE, SSN, LEGAL) 
VALUES (22, '2016-02-08', 'Chester', 'PA', 22, 22, 0);

INSERT INTO SHOOTING (SHOOTINGID, DTE, COUNTY, STATE, BADGE, SSN, LEGAL) 
VALUES (23, '2016-03-02', 'Johnstown', 'PA', 23, 23, 2);

INSERT INTO SHOOTING (SHOOTINGID, DTE, COUNTY, STATE, BADGE, SSN, LEGAL) 
VALUES (24, '2016-03-13', 'Chester', 'PA', 24, 24, 1);

INSERT INTO SHOOTING (SHOOTINGID, DTE, COUNTY, STATE, BADGE, SSN, LEGAL) 
VALUES (25, '2016-03-20', 'Fort Littleton', 'PA', 25, 25, 0);

INSERT INTO SHOOTING (SHOOTINGID, DTE, COUNTY, STATE, BADGE, SSN, LEGAL) 
VALUES (26, '2016-03-21', 'South Greensburg', 'PA', 26, 26, 0);

INSERT INTO SHOOTING (SHOOTINGID, DTE, COUNTY, STATE, BADGE, SSN, LEGAL) 
VALUES (27, '2016-04-09', 'Philadelphia', 'PA', 27, 27, 0);

INSERT INTO SHOOTING (SHOOTINGID, DTE, COUNTY, STATE, BADGE, SSN, LEGAL) 
VALUES (28, '2016-05-04', 'Philadelphia', 'PA', 28, 28, 0);

INSERT INTO SHOOTING (SHOOTINGID, DTE, COUNTY, STATE, BADGE, SSN, LEGAL) 
VALUES (29, '2016-06-09', 'York', 'PA', 29, 29, 0);

INSERT INTO SHOOTING (SHOOTINGID, DTE, COUNTY, STATE, BADGE, SSN, LEGAL) 
VALUES (30, '2016-08-07', 'Harrisburg', 'PA', 30, 30, 0);

INSERT INTO SHOOTING (SHOOTINGID, DTE, COUNTY, STATE, BADGE, SSN, LEGAL) 
VALUES (31, '2016-09-17', 'Philadelphia', 'PA', 31, 31, 0);

INSERT INTO SHOOTING (SHOOTINGID, DTE, COUNTY, STATE, BADGE, SSN, LEGAL) 
VALUES (32, '2016-09-28', 'Philadelphia', 'PA', 32, 32, 0);

INSERT INTO SHOOTING (SHOOTINGID, DTE, COUNTY, STATE, BADGE, SSN, LEGAL) 
VALUES (33, '2016-11-03', 'Chambersburg', 'PA', 33, 33, 0);

INSERT INTO SHOOTING (SHOOTINGID, DTE, COUNTY, STATE, BADGE, SSN, LEGAL) 
VALUES (34, '2016-11-07', 'Philadelphia', 'PA', 34, 34, 0);

INSERT INTO SHOOTING (SHOOTINGID, DTE, COUNTY, STATE, BADGE, SSN, LEGAL) 
VALUES (35, '2016-11-13', 'Bloomsburg', 'PA', 35, 35, 1);

INSERT INTO SHOOTING (SHOOTINGID, DTE, COUNTY, STATE, BADGE, SSN, LEGAL) 
VALUES (36, '2016-11-15', 'York County', 'PA', 36, 36, 0);

INSERT INTO SHOOTING (SHOOTINGID, DTE, COUNTY, STATE, BADGE, SSN, LEGAL) 
VALUES (37, '2016-12-07', 'Avella', 'PA', 37, 37, 0);

INSERT INTO SHOOTING (SHOOTINGID, DTE, COUNTY, STATE, BADGE, SSN, LEGAL) 
VALUES (38, '2016-12-09', 'Forks Township', 'PA', 38, 38, 0);

INSERT INTO SHOOTING (SHOOTINGID, DTE, COUNTY, STATE, BADGE, SSN, LEGAL) 
VALUES (39, '2016-12-12', 'Philadelphia', 'PA', 39, 39, 0);

INSERT INTO SHOOTING (SHOOTINGID, DTE, COUNTY, STATE, BADGE, SSN, LEGAL) 
VALUES (40, '2016-12-31', 'Huntingdon County', 'PA', 40, 40, 0);

INSERT INTO SHOOTING (SHOOTINGID, DTE, COUNTY, STATE, BADGE, SSN, LEGAL) 
VALUES (41, '2017-01-06', 'Sharon', 'PA', 41, 41, 0);

INSERT INTO SHOOTING (SHOOTINGID, DTE, COUNTY, STATE, BADGE, SSN, LEGAL) 
VALUES (42, '2017-01-22', 'Pittsburgh', 'PA', 42, 42, 0);

INSERT INTO SHOOTING (SHOOTINGID, DTE, COUNTY, STATE, BADGE, SSN, LEGAL) 
VALUES (43, '2017-01-24', 'Lancaster City', 'PA', 43, 43, 0);

INSERT INTO SHOOTING (SHOOTINGID, DTE, COUNTY, STATE, BADGE, SSN, LEGAL) 
VALUES (44, '2017-02-24', 'Reading', 'PA', 44, 44, 0);

INSERT INTO SHOOTING (SHOOTINGID, DTE, COUNTY, STATE, BADGE, SSN, LEGAL) 
VALUES (45, '2017-03-08', 'Union Township', 'PA', 45, 45, 0);

INSERT INTO SHOOTING (SHOOTINGID, DTE, COUNTY, STATE, BADGE, SSN, LEGAL) 
VALUES (46, '2017-04-24', 'Stewartstown', 'PA', 46, 46, 0);

INSERT INTO SHOOTING (SHOOTINGID, DTE, COUNTY, STATE, BADGE, SSN, LEGAL) 
VALUES (47, '2017-04-26', 'Lewistown', 'PA', 47, 47, 0);

INSERT INTO SHOOTING (SHOOTINGID, DTE, COUNTY, STATE, BADGE, SSN, LEGAL) 
VALUES (48, '2017-05-12', 'Philadelphia', 'PA', 48, 48, 0);

INSERT INTO SHOOTING (SHOOTINGID, DTE, COUNTY, STATE, BADGE, SSN, LEGAL) 
VALUES (49, '2017-05-20', 'Lower Mount Bethel', 'PA', 49, 49, 0);

INSERT INTO SHOOTING (SHOOTINGID, DTE, COUNTY, STATE, BADGE, SSN, LEGAL) 
VALUES (50, '2017-05-21', 'Allentown', 'PA', 50, 50, 0);

INSERT INTO SHOOTING (SHOOTINGID, DTE, COUNTY, STATE, BADGE, SSN, LEGAL) 
VALUES (51, '2017-06-08', 'Philadelphia', 'PA', 51, 51, 0);

INSERT INTO SHOOTING (SHOOTINGID, DTE, COUNTY, STATE, BADGE, SSN, LEGAL) 
VALUES (52, '2017-08-04', 'Mead Township', 'PA', 52, 52, 0);

INSERT INTO SHOOTING (SHOOTINGID, DTE, COUNTY, STATE, BADGE, SSN, LEGAL) 
VALUES (53, '2017-08-11', 'Philadelphia', 'PA', 53, 53, 0);

INSERT INTO SHOOTING (SHOOTINGID, DTE, COUNTY, STATE, BADGE, SSN, LEGAL) 
VALUES (54, '2017-08-18', 'Fairchance', 'PA', 54, 54, 0);

INSERT INTO SHOOTING (SHOOTINGID, DTE, COUNTY, STATE, BADGE, SSN, LEGAL) 
VALUES (55, '2017-10-01', 'Canton Township', 'PA', 55, 55, 1);

INSERT INTO SHOOTING (SHOOTINGID, DTE, COUNTY, STATE, BADGE, SSN, LEGAL) 
VALUES (56, '2017-10-06', 'Perryopolis', 'PA', 56, 56, 0);

INSERT INTO SHOOTING (SHOOTINGID, DTE, COUNTY, STATE, BADGE, SSN, LEGAL) 
VALUES (57, '2017-10-24', 'Plymouth Township', 'PA', 57, 57, 2);

INSERT INTO SHOOTING (SHOOTINGID, DTE, COUNTY, STATE, BADGE, SSN, LEGAL) 
VALUES (58, '2017-10-26', 'Erie', 'PA', 58, 58, 0);

INSERT INTO SHOOTING (SHOOTINGID, DTE, COUNTY, STATE, BADGE, SSN, LEGAL) 
VALUES (59, '2017-10-29', 'King of Prussia', 'PA', 59, 59, 0);

INSERT INTO SHOOTING (SHOOTINGID, DTE, COUNTY, STATE, BADGE, SSN, LEGAL) 
VALUES (60, '2017-12-07', 'Old Forge', 'PA', 60, 60, 0);

INSERT INTO SHOOTING (SHOOTINGID, DTE, COUNTY, STATE, BADGE, SSN, LEGAL) 
VALUES (61, '2017-12-22', 'Harrisburg', 'PA', 61, 61, 0);

INSERT INTO SHOOTING (SHOOTINGID, DTE, COUNTY, STATE, BADGE, SSN, LEGAL) 
VALUES (62, '2017-12-27', 'Philadelphia', 'PA', 62, 62, 0);

INSERT INTO SHOOTING (SHOOTINGID, DTE, COUNTY, STATE, BADGE, SSN, LEGAL) 
VALUES (63, '2017-12-28', 'Dover Township', 'PA', 63, 63, 0);

INSERT INTO SHOOTING (SHOOTINGID, DTE, COUNTY, STATE, BADGE, SSN, LEGAL) 
VALUES (64, '2018-01-06', 'Manchester Township', 'PA', 64, 64, 0);

INSERT INTO SHOOTING (SHOOTINGID, DTE, COUNTY, STATE, BADGE, SSN, LEGAL) 
VALUES (65, '2018-01-18', 'Harrisburg', 'PA', 65, 65, 0);

INSERT INTO SHOOTING (SHOOTINGID, DTE, COUNTY, STATE, BADGE, SSN, LEGAL) 
VALUES (66, '2018-02-01', 'Harrisburg', 'PA', 66, 66, 0);

INSERT INTO SHOOTING (SHOOTINGID, DTE, COUNTY, STATE, BADGE, SSN, LEGAL) 
VALUES (67, '2018-02-11', 'Pittsburgh', 'PA', 67, 67, 0);

INSERT INTO SHOOTING (SHOOTINGID, DTE, COUNTY, STATE, BADGE, SSN, LEGAL) 
VALUES (68, '2018-03-02', 'Bristol Township', 'PA', 68, 68, 0);

INSERT INTO SHOOTING (SHOOTINGID, DTE, COUNTY, STATE, BADGE, SSN, LEGAL) 
VALUES (69, '2018-03-04', 'Abington Township', 'PA', 69, 69, 1);

INSERT INTO SHOOTING (SHOOTINGID, DTE, COUNTY, STATE, BADGE, SSN, LEGAL) 
VALUES (70, '2018-03-08', 'Pottstown', 'PA', 70, 70, 0);

INSERT INTO SHOOTING (SHOOTINGID, DTE, COUNTY, STATE, BADGE, SSN, LEGAL) 
VALUES (71, '2018-03-28', 'Lower Macungie Township', 'PA', 71, 71, 0);

INSERT INTO SHOOTING (SHOOTINGID, DTE, COUNTY, STATE, BADGE, SSN, LEGAL) 
VALUES (72, '2018-04-05', 'Volant', 'PA', 72, 72, 0);

INSERT INTO SHOOTING (SHOOTINGID, DTE, COUNTY, STATE, BADGE, SSN, LEGAL) 
VALUES (73, '2018-04-12', 'Washington', 'PA', 73, 73, 0);

INSERT INTO SHOOTING (SHOOTINGID, DTE, COUNTY, STATE, BADGE, SSN, LEGAL) 
VALUES (74, '2018-05-08', 'Lancaster', 'PA', 74, 74, 0);

INSERT INTO SHOOTING (SHOOTINGID, DTE, COUNTY, STATE, BADGE, SSN, LEGAL) 
VALUES (75, '2018-05-10', 'Lower Burrell', 'PA', 75, 75, 0);

INSERT INTO SHOOTING (SHOOTINGID, DTE, COUNTY, STATE, BADGE, SSN, LEGAL) 
VALUES (76, '2018-06-19', 'Pittsburgh', 'PA', 76, 76, 0);

INSERT INTO SHOOTING (SHOOTINGID, DTE, COUNTY, STATE, BADGE, SSN, LEGAL) 
VALUES (77, '2018-06-25', 'Prompton', 'PA', 77, 77, 0);

INSERT INTO SHOOTING (SHOOTINGID, DTE, COUNTY, STATE, BADGE, SSN, LEGAL) 
VALUES (78, '2018-07-28', 'South Whitehall Township', 'PA', 78, 78, 0);

INSERT INTO SHOOTING (SHOOTINGID, DTE, COUNTY, STATE, BADGE, SSN, LEGAL) 
VALUES (79, '2018-08-06', 'Philadelphia', 'PA', 79, 79, 1);

INSERT INTO SHOOTING (SHOOTINGID, DTE, COUNTY, STATE, BADGE, SSN, LEGAL) 
VALUES (80, '2018-08-09', 'Philadelphia', 'PA', 80, 80, 0);

INSERT INTO SHOOTING (SHOOTINGID, DTE, COUNTY, STATE, BADGE, SSN, LEGAL) 
VALUES (81, '2018-08-20', 'Philadelphia', 'PA', 81, 81, 0);

INSERT INTO SHOOTING (SHOOTINGID, DTE, COUNTY, STATE, BADGE, SSN, LEGAL) 
VALUES (82, '2018-08-25', 'Manchester Township', 'PA', 82, 82, 0);

INSERT INTO SHOOTING (SHOOTINGID, DTE, COUNTY, STATE, BADGE, SSN, LEGAL) 
VALUES (83, '2018-09-16', 'Lancaster', 'PA', 83, 83, 0);

INSERT INTO SHOOTING (SHOOTINGID, DTE, COUNTY, STATE, BADGE, SSN, LEGAL) 
VALUES (84, '2018-12-05', 'Philadephia', 'PA', 84, 84, 0);

INSERT INTO SHOOTING (SHOOTINGID, DTE, COUNTY, STATE, BADGE, SSN, LEGAL) 
VALUES (85, '2018-12-18', 'Franklin Township', 'PA', 85, 85, 0);

INSERT INTO SHOOTING (SHOOTINGID, DTE, COUNTY, STATE, BADGE, SSN, LEGAL) 
VALUES (86, '2018-12-18', 'Union City', 'PA', 86, 86, 0);

INSERT INTO SHOOTING (SHOOTINGID, DTE, COUNTY, STATE, BADGE, SSN, LEGAL) 
VALUES (87, '2019-02-14', 'Aspers', 'PA', 87, 87, 0);

INSERT INTO SHOOTING (SHOOTINGID, DTE, COUNTY, STATE, BADGE, SSN, LEGAL) 
VALUES (88, '2019-03-13', 'Greensburg', 'PA', 88, 88, 0);

INSERT INTO SHOOTING (SHOOTINGID, DTE, COUNTY, STATE, BADGE, SSN, LEGAL) 
VALUES (89, '2019-03-20', 'State College', 'PA', 89, 89, 0);

INSERT INTO SHOOTING (SHOOTINGID, DTE, COUNTY, STATE, BADGE, SSN, LEGAL) 
VALUES (90, '2019-07-14', 'Penn Hills', 'PA', 90, 90, 0);

INSERT INTO SHOOTING (SHOOTINGID, DTE, COUNTY, STATE, BADGE, SSN, LEGAL) 
VALUES (91, '2019-07-23', 'Ross Township', 'PA', 91, 91, 0);

INSERT INTO SHOOTING (SHOOTINGID, DTE, COUNTY, STATE, BADGE, SSN, LEGAL) 
VALUES (92, '2019-07-26', 'Three Springs', 'PA', 92, 92, 0);

INSERT INTO SHOOTING (SHOOTINGID, DTE, COUNTY, STATE, BADGE, SSN, LEGAL) 
VALUES (93, '2019-07-28', 'Stroudsburg', 'PA', 93, 93, 0);

INSERT INTO SHOOTING (SHOOTINGID, DTE, COUNTY, STATE, BADGE, SSN, LEGAL) 
VALUES (94, '2019-08-01', 'Allentown', 'PA', 94, 94, 0);

INSERT INTO SHOOTING (SHOOTINGID, DTE, COUNTY, STATE, BADGE, SSN, LEGAL) 
VALUES (95, '2019-08-06', 'Shaler Township', 'PA', 95, 95, 0);

-- Import Data into table SHOOTING from file C:\Users\Ben\Downloads\finalstuff (1).xlsx . Task successful and sent to worksheet.
